Plate,Well ID,Well,Sample,Detector,Task,Ct,Ct Std Err,Avg Ct,Avg dCt,dCt Std Err,ddCt,RQ,RQ Min,RQ Max,Omit,Filtered,Threshold,Auto Ct,Baseline,Start,End
Plate1,7,A7,#022,gene2,Target,21.004,0.008,21,5.176,0.105,-1.796,3.472,2.834,4.254,,,0.2,Manual,Manual,3,15
Plate1,8,A8,#022,gene2,Target,20.984,0.008,21,5.176,0.105,-1.796,3.472,2.834,4.254,,,0.2,Manual,Manual,3,15
Plate1,9,A9,#022,gene2,Target,21.012,0.008,21,5.176,0.105,-1.796,3.472,2.834,4.254,,,0.2,Manual,Manual,3,15
Plate1,19,B7,#011,gene2,Target,21.021,0.005,21.028,5.41,0.025,-1.561,2.951,2.814,3.094,,,0.2,Manual,Manual,3,15
Plate1,20,B8,#011,gene2,Target,21.026,0.005,21.028,5.41,0.025,-1.561,2.951,2.814,3.094,,,0.2,Manual,Manual,3,15
Plate1,21,B9,#011,gene2,Target,21.037,0.005,21.028,5.41,0.025,-1.561,2.951,2.814,3.094,,,0.2,Manual,Manual,3,15
Plate1,31,C7,#012,gene2,Target,23.014,0.065,22.936,6.972,0.087,0,1,0.846,1.182,,,0.2,Manual,Manual,3,15
Plate1,32,C8,#012,gene2,Target,22.988,0.065,22.936,6.972,0.087,0,1,0.846,1.182,,,0.2,Manual,Manual,3,15
Plate1,33,C9,#012,gene2,Target,22.807,0.065,22.936,6.972,0.087,0,1,0.846,1.182,,,0.2,Manual,Manual,3,15
Plate1,43,D7,#017,gene2,Target,20.371,0.007,20.356,4.943,0.036,-2.029,4.081,3.806,4.376,,,0.2,Manual,Manual,3,15
Plate1,44,D8,#017,gene2,Target,20.35,0.007,20.356,4.943,0.036,-2.029,4.081,3.806,4.376,,,0.2,Manual,Manual,3,15
Plate1,45,D9,#017,gene2,Target,20.347,0.007,20.356,4.943,0.036,-2.029,4.081,3.806,4.376,,,0.2,Manual,Manual,3,15
Plate1,55,E7,#024,gene2,Target,22.404,0.012,22.425,6.506,0.042,-0.466,1.381,1.273,1.497,,,0.2,Manual,Manual,3,15
Plate1,56,E8,#024,gene2,Target,22.428,0.012,22.425,6.506,0.042,-0.466,1.381,1.273,1.497,,,0.2,Manual,Manual,3,15
Plate1,57,E9,#024,gene2,Target,22.444,0.012,22.425,6.506,0.042,-0.466,1.381,1.273,1.497,,,0.2,Manual,Manual,3,15
Plate1,67,F7,#001,gene2,Target,24.047,0.004,24.055,7.885,0.039,0.913,0.531,0.493,0.572,,,0.2,Manual,Manual,3,15
Plate1,68,F8,#001,gene2,Target,24.057,0.004,24.055,7.885,0.039,0.913,0.531,0.493,0.572,,,0.2,Manual,Manual,3,15
Plate1,69,F9,#001,gene2,Target,24.06,0.004,24.055,7.885,0.039,0.913,0.531,0.493,0.572,,,0.2,Manual,Manual,3,15
Plate1,79,G7,#018,gene2,Target,24.005,0.025,23.977,7.604,0.388,0.632,0.645,0.306,1.36,,,0.2,Manual,Manual,3,15
Plate1,80,G8,#018,gene2,Target,23.926,0.025,23.977,7.604,0.388,0.632,0.645,0.306,1.36,,,0.2,Manual,Manual,3,15
Plate1,81,G9,#018,gene2,Target,23.999,0.025,23.977,7.604,0.388,0.632,0.645,0.306,1.36,,,0.2,Manual,Manual,3,15
Plate1,91,H7,#006,gene2,Target,24.435,0.006,24.426,8.62,0.026,1.648,0.319,0.304,0.335,,,0.2,Manual,Manual,3,15
Plate1,92,H8,#006,gene2,Target,24.428,0.006,24.426,8.62,0.026,1.648,0.319,0.304,0.335,,,0.2,Manual,Manual,3,15
Plate1,93,H9,#006,gene2,Target,24.414,0.006,24.426,8.62,0.026,1.648,0.319,0.304,0.335,,,0.2,Manual,Manual,3,15
Plate1,1,A1,#022,det_ctrl,ENDO,16.033,0.105,15.824,,,,,,,,,0.2,Manual,Manual,3,15
Plate1,2,A2,#022,det_ctrl,ENDO,15.741,0.105,15.824,,,,,,,,,0.2,Manual,Manual,3,15
Plate1,3,A3,#022,det_ctrl,ENDO,15.698,0.105,15.824,,,,,,,,,0.2,Manual,Manual,3,15
Plate1,13,B1,#011,det_ctrl,ENDO,15.65,0.024,15.617,,,,,,,,,0.2,Manual,Manual,3,15
Plate1,14,B2,#011,det_ctrl,ENDO,15.632,0.024,15.617,,,,,,,,,0.2,Manual,Manual,3,15
Plate1,15,B3,#011,det_ctrl,ENDO,15.57,0.024,15.617,,,,,,,,,0.2,Manual,Manual,3,15
Plate1,25,C1,#012,det_ctrl,ENDO,16.073,0.057,15.964,,,,,,,,,0.2,Manual,Manual,3,15
Plate1,26,C2,#012,det_ctrl,ENDO,15.943,0.057,15.964,,,,,,,,,0.2,Manual,Manual,3,15
Plate1,27,C3,#012,det_ctrl,ENDO,15.878,0.057,15.964,,,,,,,,,0.2,Manual,Manual,3,15
Plate1,37,D1,#017,det_ctrl,ENDO,15.471,0.035,15.413,,,,,,,,,0.2,Manual,Manual,3,15
Plate1,38,D2,#017,det_ctrl,ENDO,15.42,0.035,15.413,,,,,,,,,0.2,Manual,Manual,3,15
Plate1,39,D3,#017,det_ctrl,ENDO,15.349,0.035,15.413,,,,,,,,,0.2,Manual,Manual,3,15
Plate1,49,E1,#024,det_ctrl,ENDO,15.987,0.04,15.919,,,,,,,,,0.2,Manual,Manual,3,15
Plate1,50,E2,#024,det_ctrl,ENDO,15.923,0.04,15.919,,,,,,,,,0.2,Manual,Manual,3,15
Plate1,51,E3,#024,det_ctrl,ENDO,15.847,0.04,15.919,,,,,,,,,0.2,Manual,Manual,3,15
Plate1,61,F1,#001,det_ctrl,ENDO,16.228,0.039,16.17,,,,,,,,,0.2,Manual,Manual,3,15
Plate1,62,F2,#001,det_ctrl,ENDO,16.185,0.039,16.17,,,,,,,,,0.2,Manual,Manual,3,15
Plate1,63,F3,#001,det_ctrl,ENDO,16.096,0.039,16.17,,,,,,,,,0.2,Manual,Manual,3,15
Plate1,73,G1,#018,det_ctrl,ENDO,17.145,0.387,16.373,,,,,,,,,0.2,Manual,Manual,3,15
Plate1,74,G2,#018,det_ctrl,ENDO,15.949,0.387,16.373,,,,,,,,,0.2,Manual,Manual,3,15
Plate1,75,G3,#018,det_ctrl,ENDO,16.024,0.387,16.373,,,,,,,,,0.2,Manual,Manual,3,15
Plate1,85,H1,#006,det_ctrl,ENDO,15.833,0.025,15.806,,,,,,,,,0.2,Manual,Manual,3,15
Plate1,86,H2,#006,det_ctrl,ENDO,15.829,0.025,15.806,,,,,,,,,0.2,Manual,Manual,3,15
Plate1,87,H3,#006,det_ctrl,ENDO,15.756,0.025,15.806,,,,,,,,,0.2,Manual,Manual,3,15
Plate1,10,A10,#022,gene4,Target,24.287,0.156,24.419,8.595,0.188,-0.311,1.241,0.864,1.78,,,0.2,Manual,Manual,3,15
Plate1,11,A11,#022,gene4,Target,24.24,0.156,24.419,8.595,0.188,-0.311,1.241,0.864,1.78,,,0.2,Manual,Manual,3,15
Plate1,12,A12,#022,gene4,Target,24.729,0.156,24.419,8.595,0.188,-0.311,1.241,0.864,1.78,,,0.2,Manual,Manual,3,15
Plate1,22,B10,#011,gene4,Target,24.898,0.079,25.052,9.435,0.083,0.529,0.693,0.591,0.812,,,0.2,Manual,Manual,3,15
Plate1,23,B11,#011,gene4,Target,25.159,0.079,25.052,9.435,0.083,0.529,0.693,0.591,0.812,,,0.2,Manual,Manual,3,15
Plate1,24,B12,#011,gene4,Target,25.099,0.079,25.052,9.435,0.083,0.529,0.693,0.591,0.812,,,0.2,Manual,Manual,3,15
Plate1,34,C10,#012,gene4,Target,24.634,0.158,24.87,8.905,0.168,0,1,0.723,1.382,,,0.2,Manual,Manual,3,15
Plate1,35,C11,#012,gene4,Target,24.805,0.158,24.87,8.905,0.168,0,1,0.723,1.382,,,0.2,Manual,Manual,3,15
Plate1,36,C12,#012,gene4,Target,25.171,0.158,24.87,8.905,0.168,0,1,0.723,1.382,,,0.2,Manual,Manual,3,15
Plate1,46,D10,#017,gene4,Target,24.31,0.087,24.468,9.055,0.094,0.15,0.902,0.752,1.08,,,0.2,Manual,Manual,3,15
Plate1,47,D11,#017,gene4,Target,24.486,0.087,24.468,9.055,0.094,0.15,0.902,0.752,1.08,,,0.2,Manual,Manual,3,15
Plate1,48,D12,#017,gene4,Target,24.61,0.087,24.468,9.055,0.094,0.15,0.902,0.752,1.08,,,0.2,Manual,Manual,3,15
Plate1,58,E10,#024,gene4,Target,25.249,0.127,25.343,9.424,0.134,0.519,0.698,0.54,0.903,,,0.2,Manual,Manual,3,15
Plate1,59,E11,#024,gene4,Target,25.185,0.127,25.343,9.424,0.134,0.519,0.698,0.54,0.903,,,0.2,Manual,Manual,3,15
Plate1,60,E12,#024,gene4,Target,25.595,0.127,25.343,9.424,0.134,0.519,0.698,0.54,0.903,,,0.2,Manual,Manual,3,15
Plate1,70,F10,#001,gene4,Target,25.156,0.067,25.255,9.085,0.077,0.18,0.883,0.761,1.024,,,0.2,Manual,Manual,3,15
Plate1,71,F11,#001,gene4,Target,25.227,0.067,25.255,9.085,0.077,0.18,0.883,0.761,1.024,,,0.2,Manual,Manual,3,15
Plate1,72,F12,#001,gene4,Target,25.382,0.067,25.255,9.085,0.077,0.18,0.883,0.761,1.024,,,0.2,Manual,Manual,3,15
Plate1,82,G10,#018,gene4,Target,24.952,0.085,25.012,8.639,0.396,-0.267,1.203,0.561,2.578,,,0.2,Manual,Manual,3,15
Plate1,83,G11,#018,gene4,Target,24.903,0.085,25.012,8.639,0.396,-0.267,1.203,0.561,2.578,,,0.2,Manual,Manual,3,15
Plate1,84,G12,#018,gene4,Target,25.179,0.085,25.012,8.639,0.396,-0.267,1.203,0.561,2.578,,,0.2,Manual,Manual,3,15
Plate1,94,H10,#006,gene4,Target,25.499,0.055,25.58,9.774,0.061,0.869,0.548,0.487,0.615,,,0.2,Manual,Manual,3,15
Plate1,95,H11,#006,gene4,Target,25.685,0.055,25.58,9.774,0.061,0.869,0.548,0.487,0.615,,,0.2,Manual,Manual,3,15
Plate1,96,H12,#006,gene4,Target,25.557,0.055,25.58,9.774,0.061,0.869,0.548,0.487,0.615,,,0.2,Manual,Manual,3,15
Plate1,4,A4,#022,gene9,Target,32.236,0.231,32.692,16.867,0.254,2.443,0.184,0.113,0.3,,,0.2,Manual,Manual,3,15
Plate1,5,A5,#022,gene9,Target,32.853,0.231,32.692,16.867,0.254,2.443,0.184,0.113,0.3,,,0.2,Manual,Manual,3,15
Plate1,6,A6,#022,gene9,Target,32.985,0.231,32.692,16.867,0.254,2.443,0.184,0.113,0.3,,,0.2,Manual,Manual,3,15
Plate1,16,B4,#011,gene9,Target,30.228,0.213,30.616,14.999,0.215,0.575,0.671,0.444,1.015,,,0.2,Manual,Manual,3,15
Plate1,17,B5,#011,gene9,Target,30.964,0.213,30.616,14.999,0.215,0.575,0.671,0.444,1.015,,,0.2,Manual,Manual,3,15
Plate1,18,B6,#011,gene9,Target,30.655,0.213,30.616,14.999,0.215,0.575,0.671,0.444,1.015,,,0.2,Manual,Manual,3,15
Plate1,28,C4,#012,gene9,Target,30.475,0.074,30.389,14.424,0.093,0,1,0.836,1.197,,,0.2,Manual,Manual,3,15
Plate1,29,C5,#012,gene9,Target,30.242,0.074,30.389,14.424,0.093,0,1,0.836,1.197,,,0.2,Manual,Manual,3,15
Plate1,30,C6,#012,gene9,Target,30.449,0.074,30.389,14.424,0.093,0,1,0.836,1.197,,,0.2,Manual,Manual,3,15
Plate1,40,D4,#017,gene9,Target,30.602,0.092,30.649,15.235,0.099,0.811,0.57,0.471,0.689,,,0.2,Manual,Manual,3,15
Plate1,41,D5,#017,gene9,Target,30.518,0.092,30.649,15.235,0.099,0.811,0.57,0.471,0.689,,,0.2,Manual,Manual,3,15
Plate1,42,D6,#017,gene9,Target,30.826,0.092,30.649,15.235,0.099,0.811,0.57,0.471,0.689,,,0.2,Manual,Manual,3,15
Plate1,52,E4,#024,gene9,Target,31.202,0.183,30.971,15.052,0.187,0.628,0.647,0.451,0.928,,,0.2,Manual,Manual,3,15
Plate1,53,E5,#024,gene9,Target,30.609,0.183,30.971,15.052,0.187,0.628,0.647,0.451,0.928,,,0.2,Manual,Manual,3,15
Plate1,54,E6,#024,gene9,Target,31.102,0.183,30.971,15.052,0.187,0.628,0.647,0.451,0.928,,,0.2,Manual,Manual,3,15
Plate1,64,F4,#001,gene9,Target,30.982,0.142,31.251,15.081,0.147,0.657,0.634,0.478,0.842,,,0.2,Manual,Manual,3,15
Plate1,65,F5,#001,gene9,Target,31.465,0.142,31.251,15.081,0.147,0.657,0.634,0.478,0.842,,,0.2,Manual,Manual,3,15
Plate1,66,F6,#001,gene9,Target,31.305,0.142,31.251,15.081,0.147,0.657,0.634,0.478,0.842,,,0.2,Manual,Manual,3,15
Plate1,76,G4,#018,gene9,Target,30.856,0.108,30.914,14.541,0.402,0.117,0.922,0.426,1.997,,,0.2,Manual,Manual,3,15
Plate1,77,G5,#018,gene9,Target,30.764,0.108,30.914,14.541,0.402,0.117,0.922,0.426,1.997,,,0.2,Manual,Manual,3,15
Plate1,78,G6,#018,gene9,Target,31.123,0.108,30.914,14.541,0.402,0.117,0.922,0.426,1.997,,,0.2,Manual,Manual,3,15
Plate1,88,H4,#006,gene9,Target,30.307,0.196,30.684,14.878,0.197,0.453,0.73,0.499,1.068,,,0.2,Manual,Manual,3,15
Plate1,89,H5,#006,gene9,Target,30.778,0.196,30.684,14.878,0.197,0.453,0.73,0.499,1.068,,,0.2,Manual,Manual,3,15
Plate1,90,H6,#006,gene9,Target,30.966,0.196,30.684,14.878,0.197,0.453,0.73,0.499,1.068,,,0.2,Manual,Manual,3,15
Plate10,1,A1,#023,gene1,Target,29.094,0.025,29.058,,,,,,,,,0.2,Manual,Manual,3,15
Plate10,2,A2,#023,gene1,Target,29.072,0.025,29.058,,,,,,,,,0.2,Manual,Manual,3,15
Plate10,3,A3,#023,gene1,Target,29.009,0.025,29.058,,,,,,,,,0.2,Manual,Manual,3,15
Plate10,13,B1,#004,gene1,Target,29.047,0.039,28.991,,,,,,,,,0.2,Manual,Manual,3,15
Plate10,14,B2,#004,gene1,Target,29.01,0.039,28.991,,,,,,,,,0.2,Manual,Manual,3,15
Plate10,15,B3,#004,gene1,Target,28.916,0.039,28.991,,,,,,,,,0.2,Manual,Manual,3,15
Plate10,25,C1,#016,gene1,Target,28.698,0.075,28.549,,,,,,,,,0.2,Manual,Manual,3,15
Plate10,26,C2,#016,gene1,Target,28.46,0.075,28.549,,,,,,,,,0.2,Manual,Manual,3,15
Plate10,27,C3,#016,gene1,Target,28.488,0.075,28.549,,,,,,,,,0.2,Manual,Manual,3,15
Plate10,37,D1,#021,gene1,Target,29.671,0.082,29.511,,,,,,,,,0.2,Manual,Manual,3,15
Plate10,38,D2,#021,gene1,Target,29.4,0.082,29.511,,,,,,,,,0.2,Manual,Manual,3,15
Plate10,39,D3,#021,gene1,Target,29.464,0.082,29.511,,,,,,,,,0.2,Manual,Manual,3,15
Plate10,49,E1,#030,gene1,Target,28.102,0.051,28.001,,,,,,,,,0.2,Manual,Manual,3,15
Plate10,50,E2,#030,gene1,Target,27.948,0.051,28.001,,,,,,,,,0.2,Manual,Manual,3,15
Plate10,51,E3,#030,gene1,Target,27.952,0.051,28.001,,,,,,,,,0.2,Manual,Manual,3,15
Plate10,61,F1,#005,gene1,Target,28.624,0.008,28.626,,,,,,,,,0.2,Manual,Manual,3,15
Plate10,62,F2,#005,gene1,Target,28.613,0.008,28.626,,,,,,,,,0.2,Manual,Manual,3,15
Plate10,63,F3,#005,gene1,Target,28.641,0.008,28.626,,,,,,,,,0.2,Manual,Manual,3,15
Plate10,73,G1,#010,gene1,Target,28.634,0.395,27.846,,,,,,,,,0.2,Manual,Manual,3,15
Plate10,74,G2,#010,gene1,Target,27.406,0.395,27.846,,,,,,,,,0.2,Manual,Manual,3,15
Plate10,75,G3,#010,gene1,Target,27.498,0.395,27.846,,,,,,,,,0.2,Manual,Manual,3,15
Plate10,4,A4,#023,gene6,Target,22.331,0.169,22.081,,,,,,,,,0.2,Manual,Manual,3,15
Plate10,5,A5,#023,gene6,Target,22.152,0.169,22.081,,,,,,,,,0.2,Manual,Manual,3,15
Plate10,6,A6,#023,gene6,Target,21.759,0.169,22.081,,,,,,,,,0.2,Manual,Manual,3,15
Plate10,16,B4,#004,gene6,Target,26.593,0.277,26.229,,,,,,,,,0.2,Manual,Manual,3,15
Plate10,17,B5,#004,gene6,Target,26.408,0.277,26.229,,,,,,,,,0.2,Manual,Manual,3,15
Plate10,18,B6,#004,gene6,Target,25.684,0.277,26.229,,,,,,,,,0.2,Manual,Manual,3,15
Plate10,28,C4,#016,gene6,Target,25.77,0.147,25.549,,,,,,,,,0.2,Manual,Manual,3,15
Plate10,29,C5,#016,gene6,Target,25.605,0.147,25.549,,,,,,,,,0.2,Manual,Manual,3,15
Plate10,30,C6,#016,gene6,Target,25.271,0.147,25.549,,,,,,,,,0.2,Manual,Manual,3,15
Plate10,40,D4,#021,gene6,Target,26.26,0.064,26.139,,,,,,,,,0.2,Manual,Manual,3,15
Plate10,41,D5,#021,gene6,Target,26.117,0.064,26.139,,,,,,,,,0.2,Manual,Manual,3,15
Plate10,42,D6,#021,gene6,Target,26.041,0.064,26.139,,,,,,,,,0.2,Manual,Manual,3,15
Plate10,52,E4,#030,gene6,Target,23.257,0.259,22.746,,,,,,,,,0.2,Manual,Manual,3,15
Plate10,53,E5,#030,gene6,Target,22.567,0.259,22.746,,,,,,,,,0.2,Manual,Manual,3,15
Plate10,54,E6,#030,gene6,Target,22.414,0.259,22.746,,,,,,,,,0.2,Manual,Manual,3,15
Plate10,64,F4,#005,gene6,Target,23.204,0.084,23.222,,,,,,,,,0.2,Manual,Manual,3,15
Plate10,65,F5,#005,gene6,Target,23.375,0.084,23.222,,,,,,,,,0.2,Manual,Manual,3,15
Plate10,66,F6,#005,gene6,Target,23.086,0.084,23.222,,,,,,,,,0.2,Manual,Manual,3,15
Plate10,76,G4,#010,gene6,Target,27.889,0.089,27.768,,,,,,,,,0.2,Manual,Manual,3,15
Plate10,77,G5,#010,gene6,Target,27.823,0.089,27.768,,,,,,,,,0.2,Manual,Manual,3,15
Plate10,78,G6,#010,gene6,Target,27.594,0.089,27.768,,,,,,,,,0.2,Manual,Manual,3,15
Plate10,7,A7,#023,gene7,Target,32.142,0.267,31.634,,,,,,,,,0.2,Manual,Manual,3,15
Plate10,8,A8,#023,gene7,Target,31.238,0.267,31.634,,,,,,,,,0.2,Manual,Manual,3,15
Plate10,9,A9,#023,gene7,Target,31.522,0.267,31.634,,,,,,,,,0.2,Manual,Manual,3,15
Plate10,19,B7,#004,gene7,Target,25.278,0.081,25.351,,,,,,,,,0.2,Manual,Manual,3,15
Plate10,20,B8,#004,gene7,Target,25.512,0.081,25.351,,,,,,,,,0.2,Manual,Manual,3,15
Plate10,21,B9,#004,gene7,Target,25.261,0.081,25.351,,,,,,,,,0.2,Manual,Manual,3,15
Plate10,31,C7,#016,gene7,Target,25.033,0.036,25.061,,,,,,,,,0.2,Manual,Manual,3,15
Plate10,32,C8,#016,gene7,Target,25.133,0.036,25.061,,,,,,,,,0.2,Manual,Manual,3,15
Plate10,33,C9,#016,gene7,Target,25.017,0.036,25.061,,,,,,,,,0.2,Manual,Manual,3,15
Plate10,43,D7,#021,gene7,Target,26.069,0.026,26.027,,,,,,,,,0.2,Manual,Manual,3,15
Plate10,44,D8,#021,gene7,Target,25.98,0.026,26.027,,,,,,,,,0.2,Manual,Manual,3,15
Plate10,45,D9,#021,gene7,Target,26.031,0.026,26.027,,,,,,,,,0.2,Manual,Manual,3,15
Plate10,55,E7,#030,gene7,Target,31.013,0.535,31.99,,,,,,,,,0.2,Manual,Manual,3,15
Plate10,56,E8,#030,gene7,Target,32.858,0.535,31.99,,,,,,,,,0.2,Manual,Manual,3,15
Plate10,57,E9,#030,gene7,Target,32.099,0.535,31.99,,,,,,,,,0.2,Manual,Manual,3,15
Plate10,67,F7,#005,gene7,Target,26.279,0.026,26.246,,,,,,,,,0.2,Manual,Manual,3,15
Plate10,68,F8,#005,gene7,Target,26.194,0.026,26.246,,,,,,,,,0.2,Manual,Manual,3,15
Plate10,69,F9,#005,gene7,Target,26.265,0.026,26.246,,,,,,,,,0.2,Manual,Manual,3,15
Plate10,79,G7,#010,gene7,Target,23.732,0.005,23.736,,,,,,,,,0.2,Manual,Manual,3,15
Plate10,80,G8,#010,gene7,Target,23.731,0.005,23.736,,,,,,,,,0.2,Manual,Manual,3,15
Plate10,81,G9,#010,gene7,Target,23.746,0.005,23.736,,,,,,,,,0.2,Manual,Manual,3,15
Plate10,10,A10,#023,gene8,Target,27.241,0.293,27.318,,,,,,,,,0.2,Manual,Manual,3,15
Plate10,11,A11,#023,gene8,Target,27.86,0.293,27.318,,,,,,,,,0.2,Manual,Manual,3,15
Plate10,12,A12,#023,gene8,Target,26.853,0.293,27.318,,,,,,,,,0.2,Manual,Manual,3,15
Plate10,22,B10,#004,gene8,Target,26.979,0.311,26.839,,,,,,,,,0.2,Manual,Manual,3,15
Plate10,23,B11,#004,gene8,Target,27.294,0.311,26.839,,,,,,,,,0.2,Manual,Manual,3,15
Plate10,24,B12,#004,gene8,Target,26.244,0.311,26.839,,,,,,,,,0.2,Manual,Manual,3,15
Plate10,34,C10,#016,gene8,Target,26.4,0.015,26.404,,,,,,,,,0.2,Manual,Manual,3,15
Plate10,35,C11,#016,gene8,Target,26.38,0.015,26.404,,,,,,,,,0.2,Manual,Manual,3,15
Plate10,36,C12,#016,gene8,Target,26.432,0.015,26.404,,,,,,,,,0.2,Manual,Manual,3,15
Plate10,46,D10,#021,gene8,Target,26.461,0.594,26.945,,,,,,,,,0.2,Manual,Manual,3,15
Plate10,47,D11,#021,gene8,Target,26.248,0.594,26.945,,,,,,,,,0.2,Manual,Manual,3,15
Plate10,48,D12,#021,gene8,Target,28.126,0.594,26.945,,,,,,,,,0.2,Manual,Manual,3,15
Plate10,58,E10,#030,gene8,Target,28.244,0.327,27.625,,,,,,,,,0.2,Manual,Manual,3,15
Plate10,59,E11,#030,gene8,Target,27.131,0.327,27.625,,,,,,,,,0.2,Manual,Manual,3,15
Plate10,60,E12,#030,gene8,Target,27.498,0.327,27.625,,,,,,,,,0.2,Manual,Manual,3,15
Plate10,70,F10,#005,gene8,Target,27.701,0.109,27.521,,,,,,,,,0.2,Manual,Manual,3,15
Plate10,71,F11,#005,gene8,Target,27.538,0.109,27.521,,,,,,,,,0.2,Manual,Manual,3,15
Plate10,72,F12,#005,gene8,Target,27.324,0.109,27.521,,,,,,,,,0.2,Manual,Manual,3,15
Plate10,82,G10,#010,gene8,Target,27.49,0.143,27.314,,,,,,,,,0.2,Manual,Manual,3,15
Plate10,83,G11,#010,gene8,Target,27.421,0.143,27.314,,,,,,,,,0.2,Manual,Manual,3,15
Plate10,84,G12,#010,gene8,Target,27.032,0.143,27.314,,,,,,,,,0.2,Manual,Manual,3,15
Plate2,7,A7,#026,gene2,Target,22.942,0.064,22.978,7.32,0.113,0.348,0.786,0.633,0.976,,,0.2,Manual,Manual,3,15
Plate2,8,A8,#026,gene2,Target,22.889,0.064,22.978,7.32,0.113,0.348,0.786,0.633,0.976,,,0.2,Manual,Manual,3,15
Plate2,9,A9,#026,gene2,Target,23.102,0.064,22.978,7.32,0.113,0.348,0.786,0.633,0.976,,,0.2,Manual,Manual,3,15
Plate2,19,B7,#027,gene2,Target,21.011,0.009,21.015,5.366,0.053,-1.606,3.044,2.749,3.371,,,0.2,Manual,Manual,3,15
Plate2,20,B8,#027,gene2,Target,21,0.009,21.015,5.366,0.053,-1.606,3.044,2.749,3.371,,,0.2,Manual,Manual,3,15
Plate2,21,B9,#027,gene2,Target,21.032,0.009,21.015,5.366,0.053,-1.606,3.044,2.749,3.371,,,0.2,Manual,Manual,3,15
Plate2,31,C7,#002,gene2,Target,20.77,0.054,20.662,5.061,0.063,-1.91,3.759,3.329,4.245,,,0.2,Manual,Manual,3,15
Plate2,32,C8,#002,gene2,Target,20.617,0.054,20.662,5.061,0.063,-1.91,3.759,3.329,4.245,,,0.2,Manual,Manual,3,15
Plate2,33,C9,#002,gene2,Target,20.598,0.054,20.662,5.061,0.063,-1.91,3.759,3.329,4.245,,,0.2,Manual,Manual,3,15
Plate2,43,D7,#007,gene2,Target,22.07,0.012,22.092,6.385,0.034,-0.586,1.501,1.405,1.604,,,0.2,Manual,Manual,3,15
Plate2,44,D8,#007,gene2,Target,22.11,0.012,22.092,6.385,0.034,-0.586,1.501,1.405,1.604,,,0.2,Manual,Manual,3,15
Plate2,45,D9,#007,gene2,Target,22.094,0.012,22.092,6.385,0.034,-0.586,1.501,1.405,1.604,,,0.2,Manual,Manual,3,15
Plate2,55,E7,#028,gene2,Target,21.482,0.015,21.477,5.389,0.033,-1.583,2.996,2.81,3.194,,,0.2,Manual,Manual,3,15
Plate2,56,E8,#028,gene2,Target,21.448,0.015,21.477,5.389,0.033,-1.583,2.996,2.81,3.194,,,0.2,Manual,Manual,3,15
Plate2,57,E9,#028,gene2,Target,21.5,0.015,21.477,5.389,0.033,-1.583,2.996,2.81,3.194,,,0.2,Manual,Manual,3,15
Plate2,67,F7,#013,gene2,Target,22.689,0.011,22.671,6.919,0.033,-0.053,1.037,0.973,1.106,,,0.2,Manual,Manual,3,15
Plate2,68,F8,#013,gene2,Target,22.672,0.011,22.671,6.919,0.033,-0.053,1.037,0.973,1.106,,,0.2,Manual,Manual,3,15
Plate2,69,F9,#013,gene2,Target,22.652,0.011,22.671,6.919,0.033,-0.053,1.037,0.973,1.106,,,0.2,Manual,Manual,3,15
Plate2,79,G7,#003,gene2,Target,23.362,0.03,23.394,7.164,0.348,0.192,0.875,0.448,1.709,,,0.2,Manual,Manual,3,15
Plate2,80,G8,#003,gene2,Target,23.368,0.03,23.394,7.164,0.348,0.192,0.875,0.448,1.709,,,0.2,Manual,Manual,3,15
Plate2,81,G9,#003,gene2,Target,23.453,0.03,23.394,7.164,0.348,0.192,0.875,0.448,1.709,,,0.2,Manual,Manual,3,15
Plate2,91,H7,#019,gene2,Target,23.093,0.008,23.108,7.139,0.02,0.167,0.891,0.857,0.926,,,0.2,Manual,Manual,3,15
Plate2,92,H8,#019,gene2,Target,23.118,0.008,23.108,7.139,0.02,0.167,0.891,0.857,0.926,,,0.2,Manual,Manual,3,15
Plate2,93,H9,#019,gene2,Target,23.112,0.008,23.108,7.139,0.02,0.167,0.891,0.857,0.926,,,0.2,Manual,Manual,3,15
Plate2,1,A1,#026,det_ctrl,ENDO,15.801,0.093,15.658,,,,,,,,,0.2,Manual,Manual,3,15
Plate2,2,A2,#026,det_ctrl,ENDO,15.689,0.093,15.658,,,,,,,,,0.2,Manual,Manual,3,15
Plate2,3,A3,#026,det_ctrl,ENDO,15.484,0.093,15.658,,,,,,,,,0.2,Manual,Manual,3,15
Plate2,13,B1,#027,det_ctrl,ENDO,15.646,0.052,15.649,,,,,,,,,0.2,Manual,Manual,3,15
Plate2,14,B2,#027,det_ctrl,ENDO,15.741,0.052,15.649,,,,,,,,,0.2,Manual,Manual,3,15
Plate2,15,B3,#027,det_ctrl,ENDO,15.56,0.052,15.649,,,,,,,,,0.2,Manual,Manual,3,15
Plate2,25,C1,#002,det_ctrl,ENDO,15.658,0.032,15.601,,,,,,,,,0.2,Manual,Manual,3,15
Plate2,26,C2,#002,det_ctrl,ENDO,15.597,0.032,15.601,,,,,,,,,0.2,Manual,Manual,3,15
Plate2,27,C3,#002,det_ctrl,ENDO,15.547,0.032,15.601,,,,,,,,,0.2,Manual,Manual,3,15
Plate2,37,D1,#007,det_ctrl,ENDO,15.758,0.032,15.706,,,,,,,,,0.2,Manual,Manual,3,15
Plate2,38,D2,#007,det_ctrl,ENDO,15.714,0.032,15.706,,,,,,,,,0.2,Manual,Manual,3,15
Plate2,39,D3,#007,det_ctrl,ENDO,15.647,0.032,15.706,,,,,,,,,0.2,Manual,Manual,3,15
Plate2,49,E1,#028,det_ctrl,ENDO,16.102,0.03,16.088,,,,,,,,,0.2,Manual,Manual,3,15
Plate2,50,E2,#028,det_ctrl,ENDO,16.031,0.03,16.088,,,,,,,,,0.2,Manual,Manual,3,15
Plate2,51,E3,#028,det_ctrl,ENDO,16.13,0.03,16.088,,,,,,,,,0.2,Manual,Manual,3,15
Plate2,61,F1,#013,det_ctrl,ENDO,15.813,0.031,15.752,,,,,,,,,0.2,Manual,Manual,3,15
Plate2,62,F2,#013,det_ctrl,ENDO,15.736,0.031,15.752,,,,,,,,,0.2,Manual,Manual,3,15
Plate2,63,F3,#013,det_ctrl,ENDO,15.708,0.031,15.752,,,,,,,,,0.2,Manual,Manual,3,15
Plate2,73,G1,#003,det_ctrl,ENDO,16.922,0.347,16.23,,,,,,,,,0.2,Manual,Manual,3,15
Plate2,74,G2,#003,det_ctrl,ENDO,15.925,0.347,16.23,,,,,,,,,0.2,Manual,Manual,3,15
Plate2,75,G3,#003,det_ctrl,ENDO,15.844,0.347,16.23,,,,,,,,,0.2,Manual,Manual,3,15
Plate2,85,H1,#019,det_ctrl,ENDO,16.002,0.019,15.969,,,,,,,,,0.2,Manual,Manual,3,15
Plate2,86,H2,#019,det_ctrl,ENDO,15.937,0.019,15.969,,,,,,,,,0.2,Manual,Manual,3,15
Plate2,87,H3,#019,det_ctrl,ENDO,15.968,0.019,15.969,,,,,,,,,0.2,Manual,Manual,3,15
Plate2,10,A10,#026,gene4,Target,25.054,0.106,25.193,9.535,0.141,0.63,0.646,0.493,0.847,,,0.2,Manual,Manual,3,15
Plate2,11,A11,#026,gene4,Target,25.126,0.106,25.193,9.535,0.141,0.63,0.646,0.493,0.847,,,0.2,Manual,Manual,3,15
Plate2,12,A12,#026,gene4,Target,25.4,0.106,25.193,9.535,0.141,0.63,0.646,0.493,0.847,,,0.2,Manual,Manual,3,15
Plate2,22,B10,#027,gene4,Target,23.696,0.123,23.923,8.274,0.133,-0.631,1.549,1.199,2.002,,,0.2,Manual,Manual,3,15
Plate2,23,B11,#027,gene4,Target,23.957,0.123,23.923,8.274,0.133,-0.631,1.549,1.199,2.002,,,0.2,Manual,Manual,3,15
Plate2,24,B12,#027,gene4,Target,24.116,0.123,23.923,8.274,0.133,-0.631,1.549,1.199,2.002,,,0.2,Manual,Manual,3,15
Plate2,34,C10,#002,gene4,Target,25.17,0.145,25.434,9.834,0.149,0.928,0.525,0.395,0.7,,,0.2,Manual,Manual,3,15
Plate2,35,C11,#002,gene4,Target,25.672,0.145,25.434,9.834,0.149,0.928,0.525,0.395,0.7,,,0.2,Manual,Manual,3,15
Plate2,36,C12,#002,gene4,Target,25.461,0.145,25.434,9.834,0.149,0.928,0.525,0.395,0.7,,,0.2,Manual,Manual,3,15
Plate2,46,D10,#007,gene4,Target,24.97,0.074,25.08,9.374,0.08,0.468,0.723,0.619,0.844,,,0.2,Manual,Manual,3,15
Plate2,47,D11,#007,gene4,Target,25.051,0.074,25.08,9.374,0.08,0.468,0.723,0.619,0.844,,,0.2,Manual,Manual,3,15
Plate2,48,D12,#007,gene4,Target,25.22,0.074,25.08,9.374,0.08,0.468,0.723,0.619,0.844,,,0.2,Manual,Manual,3,15
Plate2,58,E10,#028,gene4,Target,24.139,0.106,24.265,8.177,0.11,-0.728,1.657,1.341,2.047,,,0.2,Manual,Manual,3,15
Plate2,59,E11,#028,gene4,Target,24.181,0.106,24.265,8.177,0.11,-0.728,1.657,1.341,2.047,,,0.2,Manual,Manual,3,15
Plate2,60,E12,#028,gene4,Target,24.476,0.106,24.265,8.177,0.11,-0.728,1.657,1.341,2.047,,,0.2,Manual,Manual,3,15
Plate2,70,F10,#013,gene4,Target,25.614,0.113,25.62,9.867,0.117,0.962,0.513,0.41,0.644,,,0.2,Manual,Manual,3,15
Plate2,71,F11,#013,gene4,Target,25.426,0.113,25.62,9.867,0.117,0.962,0.513,0.41,0.644,,,0.2,Manual,Manual,3,15
Plate2,72,F12,#013,gene4,Target,25.818,0.113,25.62,9.867,0.117,0.962,0.513,0.41,0.644,,,0.2,Manual,Manual,3,15
Plate2,82,G10,#003,gene4,Target,24.724,0.037,24.739,8.509,0.349,-0.396,1.316,0.673,2.574,,,0.2,Manual,Manual,3,15
Plate2,83,G11,#003,gene4,Target,24.685,0.037,24.739,8.509,0.349,-0.396,1.316,0.673,2.574,,,0.2,Manual,Manual,3,15
Plate2,84,G12,#003,gene4,Target,24.809,0.037,24.739,8.509,0.349,-0.396,1.316,0.673,2.574,,,0.2,Manual,Manual,3,15
Plate2,94,H10,#019,gene4,Target,25.408,0.07,25.403,9.434,0.072,0.529,0.693,0.603,0.797,,,0.2,Manual,Manual,3,15
Plate2,95,H11,#019,gene4,Target,25.28,0.07,25.403,9.434,0.072,0.529,0.693,0.603,0.797,,,0.2,Manual,Manual,3,15
Plate2,96,H12,#019,gene4,Target,25.522,0.07,25.403,9.434,0.072,0.529,0.693,0.603,0.797,,,0.2,Manual,Manual,3,15
Plate2,4,A4,#026,gene9,Target,31.227,0.064,31.152,15.494,0.113,1.07,0.476,0.383,0.592,,,0.2,Manual,Manual,3,15
Plate2,5,A5,#026,gene9,Target,31.024,0.064,31.152,15.494,0.113,1.07,0.476,0.383,0.592,,,0.2,Manual,Manual,3,15
Plate2,6,A6,#026,gene9,Target,31.206,0.064,31.152,15.494,0.113,1.07,0.476,0.383,0.592,,,0.2,Manual,Manual,3,15
Plate2,16,B4,#027,gene9,Target,31.59,0.117,31.412,15.763,0.128,1.339,0.395,0.309,0.506,,,0.2,Manual,Manual,3,15
Plate2,17,B5,#027,gene9,Target,31.455,0.117,31.412,15.763,0.128,1.339,0.395,0.309,0.506,,,0.2,Manual,Manual,3,15
Plate2,18,B6,#027,gene9,Target,31.191,0.117,31.412,15.763,0.128,1.339,0.395,0.309,0.506,,,0.2,Manual,Manual,3,15
Plate2,28,C4,#002,gene9,Target,30.948,0.066,30.846,15.246,0.073,0.822,0.566,0.492,0.651,,,0.2,Manual,Manual,3,15
Plate2,29,C5,#002,gene9,Target,30.867,0.066,30.846,15.246,0.073,0.822,0.566,0.492,0.651,,,0.2,Manual,Manual,3,15
Plate2,30,C6,#002,gene9,Target,30.724,0.066,30.846,15.246,0.073,0.822,0.566,0.492,0.651,,,0.2,Manual,Manual,3,15
Plate2,40,D4,#007,gene9,Target,30.6,0.045,30.514,14.808,0.055,0.383,0.767,0.689,0.852,,,0.2,Manual,Manual,3,15
Plate2,41,D5,#007,gene9,Target,30.451,0.045,30.514,14.808,0.055,0.383,0.767,0.689,0.852,,,0.2,Manual,Manual,3,15
Plate2,42,D6,#007,gene9,Target,30.49,0.045,30.514,14.808,0.055,0.383,0.767,0.689,0.852,,,0.2,Manual,Manual,3,15
Plate2,52,E4,#028,gene9,Target,32.206,0.134,32.028,15.94,0.137,1.516,0.35,0.269,0.455,,,0.2,Manual,Manual,3,15
Plate2,53,E5,#028,gene9,Target,32.111,0.134,32.028,15.94,0.137,1.516,0.35,0.269,0.455,,,0.2,Manual,Manual,3,15
Plate2,54,E6,#028,gene9,Target,31.766,0.134,32.028,15.94,0.137,1.516,0.35,0.269,0.455,,,0.2,Manual,Manual,3,15
Plate2,64,F4,#013,gene9,Target,30.789,0.037,30.838,15.085,0.049,0.661,0.632,0.576,0.694,,,0.2,Manual,Manual,3,15
Plate2,65,F5,#013,gene9,Target,30.91,0.037,30.838,15.085,0.049,0.661,0.632,0.576,0.694,,,0.2,Manual,Manual,3,15
Plate2,66,F6,#013,gene9,Target,30.813,0.037,30.838,15.085,0.049,0.661,0.632,0.576,0.694,,,0.2,Manual,Manual,3,15
Plate2,76,G4,#003,gene9,Target,30.344,0.012,30.319,14.089,0.347,-0.335,1.261,0.647,2.459,,,0.2,Manual,Manual,3,15
Plate2,77,G5,#003,gene9,Target,30.308,0.012,30.319,14.089,0.347,-0.335,1.261,0.647,2.459,,,0.2,Manual,Manual,3,15
Plate2,78,G6,#003,gene9,Target,30.306,0.012,30.319,14.089,0.347,-0.335,1.261,0.647,2.459,,,0.2,Manual,Manual,3,15
Plate2,88,H4,#019,gene9,Target,30.743,0.209,31.133,15.164,0.21,0.74,0.599,0.399,0.897,,,0.2,Manual,Manual,3,15
Plate2,89,H5,#019,gene9,Target,31.46,0.209,31.133,15.164,0.21,0.74,0.599,0.399,0.897,,,0.2,Manual,Manual,3,15
Plate2,90,H6,#019,gene9,Target,31.197,0.209,31.133,15.164,0.21,0.74,0.599,0.399,0.897,,,0.2,Manual,Manual,3,15
Plate3,7,A7,#008,gene2,Target,22.925,0.03,22.979,6.997,0.092,0.025,0.983,0.823,1.173,,,0.2,Manual,Manual,3,15
Plate3,8,A8,#008,gene2,Target,22.983,0.03,22.979,6.997,0.092,0.025,0.983,0.823,1.173,,,0.2,Manual,Manual,3,15
Plate3,9,A9,#008,gene2,Target,23.029,0.03,22.979,6.997,0.092,0.025,0.983,0.823,1.173,,,0.2,Manual,Manual,3,15
Plate3,19,B7,#014,gene2,Target,22.721,0.027,22.675,6.977,0.042,0.005,0.996,0.919,1.081,,,0.2,Manual,Manual,3,15
Plate3,20,B8,#014,gene2,Target,22.677,0.027,22.675,6.977,0.042,0.005,0.996,0.919,1.081,,,0.2,Manual,Manual,3,15
Plate3,21,B9,#014,gene2,Target,22.629,0.027,22.675,6.977,0.042,0.005,0.996,0.919,1.081,,,0.2,Manual,Manual,3,15
Plate3,31,C7,#020,gene2,Target,22.532,0.026,22.492,6.869,0.041,-0.103,1.074,0.992,1.163,,,0.2,Manual,Manual,3,15
Plate3,32,C8,#020,gene2,Target,22.501,0.026,22.492,6.869,0.041,-0.103,1.074,0.992,1.163,,,0.2,Manual,Manual,3,15
Plate3,33,C9,#020,gene2,Target,22.444,0.026,22.492,6.869,0.041,-0.103,1.074,0.992,1.163,,,0.2,Manual,Manual,3,15
Plate3,43,D7,#031,gene2,Target,23.816,0.007,23.803,7.959,0.039,0.987,0.505,0.468,0.544,,,0.2,Manual,Manual,3,15
Plate3,44,D8,#031,gene2,Target,23.793,0.007,23.803,7.959,0.039,0.987,0.505,0.468,0.544,,,0.2,Manual,Manual,3,15
Plate3,45,D9,#031,gene2,Target,23.799,0.007,23.803,7.959,0.039,0.987,0.505,0.468,0.544,,,0.2,Manual,Manual,3,15
Plate3,55,E7,#009,gene2,Target,21.485,0.06,21.599,5.938,0.067,-1.034,2.047,1.8,2.328,,,0.2,Manual,Manual,3,15
Plate3,56,E8,#009,gene2,Target,21.623,0.06,21.599,5.938,0.067,-1.034,2.047,1.8,2.328,,,0.2,Manual,Manual,3,15
Plate3,57,E9,#009,gene2,Target,21.69,0.06,21.599,5.938,0.067,-1.034,2.047,1.8,2.328,,,0.2,Manual,Manual,3,15
Plate3,67,F7,#025,gene2,Target,21.294,0.016,21.266,5.371,0.019,-1.601,3.033,2.922,3.147,,,0.2,Manual,Manual,3,15
Plate3,68,F8,#025,gene2,Target,21.264,0.016,21.266,5.371,0.019,-1.601,3.033,2.922,3.147,,,0.2,Manual,Manual,3,15
Plate3,69,F9,#025,gene2,Target,21.238,0.016,21.266,5.371,0.019,-1.601,3.033,2.922,3.147,,,0.2,Manual,Manual,3,15
Plate3,79,G7,#015,gene2,Target,21.08,0.017,21.081,5.038,0.358,-1.933,3.819,1.916,7.613,,,0.2,Manual,Manual,3,15
Plate3,80,G8,#015,gene2,Target,21.111,0.017,21.081,5.038,0.358,-1.933,3.819,1.916,7.613,,,0.2,Manual,Manual,3,15
Plate3,81,G9,#015,gene2,Target,21.052,0.017,21.081,5.038,0.358,-1.933,3.819,1.916,7.613,,,0.2,Manual,Manual,3,15
Plate3,91,H7,#029,gene2,Target,21.451,0.011,21.449,5.336,0.027,-1.636,3.108,2.953,3.271,,,0.2,Manual,Manual,3,15
Plate3,92,H8,#029,gene2,Target,21.43,0.011,21.449,5.336,0.027,-1.636,3.108,2.953,3.271,,,0.2,Manual,Manual,3,15
Plate3,93,H9,#029,gene2,Target,21.466,0.011,21.449,5.336,0.027,-1.636,3.108,2.953,3.271,,,0.2,Manual,Manual,3,15
Plate3,1,A1,#008,det_ctrl,ENDO,16.09,0.087,15.982,,,,,,,,,0.2,Manual,Manual,3,15
Plate3,2,A2,#008,det_ctrl,ENDO,16.046,0.087,15.982,,,,,,,,,0.2,Manual,Manual,3,15
Plate3,3,A3,#008,det_ctrl,ENDO,15.811,0.087,15.982,,,,,,,,,0.2,Manual,Manual,3,15
Plate3,13,B1,#014,det_ctrl,ENDO,15.633,0.033,15.699,,,,,,,,,0.2,Manual,Manual,3,15
Plate3,14,B2,#014,det_ctrl,ENDO,15.73,0.033,15.699,,,,,,,,,0.2,Manual,Manual,3,15
Plate3,15,B3,#014,det_ctrl,ENDO,15.733,0.033,15.699,,,,,,,,,0.2,Manual,Manual,3,15
Plate3,25,C1,#020,det_ctrl,ENDO,15.624,0.032,15.623,,,,,,,,,0.2,Manual,Manual,3,15
Plate3,26,C2,#020,det_ctrl,ENDO,15.679,0.032,15.623,,,,,,,,,0.2,Manual,Manual,3,15
Plate3,27,C3,#020,det_ctrl,ENDO,15.568,0.032,15.623,,,,,,,,,0.2,Manual,Manual,3,15
Plate3,37,D1,#031,det_ctrl,ENDO,15.913,0.039,15.844,,,,,,,,,0.2,Manual,Manual,3,15
Plate3,38,D2,#031,det_ctrl,ENDO,15.84,0.039,15.844,,,,,,,,,0.2,Manual,Manual,3,15
Plate3,39,D3,#031,det_ctrl,ENDO,15.779,0.039,15.844,,,,,,,,,0.2,Manual,Manual,3,15
Plate3,49,E1,#009,det_ctrl,ENDO,15.705,0.029,15.661,,,,,,,,,0.2,Manual,Manual,3,15
Plate3,50,E2,#009,det_ctrl,ENDO,15.673,0.029,15.661,,,,,,,,,0.2,Manual,Manual,3,15
Plate3,51,E3,#009,det_ctrl,ENDO,15.606,0.029,15.661,,,,,,,,,0.2,Manual,Manual,3,15
Plate3,61,F1,#025,det_ctrl,ENDO,15.915,0.011,15.895,,,,,,,,,0.2,Manual,Manual,3,15
Plate3,62,F2,#025,det_ctrl,ENDO,15.878,0.011,15.895,,,,,,,,,0.2,Manual,Manual,3,15
Plate3,63,F3,#025,det_ctrl,ENDO,15.891,0.011,15.895,,,,,,,,,0.2,Manual,Manual,3,15
Plate3,73,G1,#015,det_ctrl,ENDO,16.757,0.358,16.043,,,,,,,,,0.2,Manual,Manual,3,15
Plate3,74,G2,#015,det_ctrl,ENDO,15.727,0.358,16.043,,,,,,,,,0.2,Manual,Manual,3,15
Plate3,75,G3,#015,det_ctrl,ENDO,15.644,0.358,16.043,,,,,,,,,0.2,Manual,Manual,3,15
Plate3,85,H1,#029,det_ctrl,ENDO,16.129,0.024,16.113,,,,,,,,,0.2,Manual,Manual,3,15
Plate3,86,H2,#029,det_ctrl,ENDO,16.146,0.024,16.113,,,,,,,,,0.2,Manual,Manual,3,15
Plate3,87,H3,#029,det_ctrl,ENDO,16.066,0.024,16.113,,,,,,,,,0.2,Manual,Manual,3,15
Plate3,10,A10,#008,gene4,Target,23.206,0.128,23.395,7.413,0.155,-1.493,2.814,2.088,3.792,,,0.2,Manual,Manual,3,15
Plate3,11,A11,#008,gene4,Target,23.34,0.128,23.395,7.413,0.155,-1.493,2.814,2.088,3.792,,,0.2,Manual,Manual,3,15
Plate3,12,A12,#008,gene4,Target,23.64,0.128,23.395,7.413,0.155,-1.493,2.814,2.088,3.792,,,0.2,Manual,Manual,3,15
Plate3,22,B10,#014,gene4,Target,24.382,0.017,24.414,8.715,0.037,-0.19,1.141,1.063,1.225,,,0.2,Manual,Manual,3,15
Plate3,23,B11,#014,gene4,Target,24.44,0.017,24.414,8.715,0.037,-0.19,1.141,1.063,1.225,,,0.2,Manual,Manual,3,15
Plate3,24,B12,#014,gene4,Target,24.419,0.017,24.414,8.715,0.037,-0.19,1.141,1.063,1.225,,,0.2,Manual,Manual,3,15
Plate3,34,C10,#020,gene4,Target,25.132,0.043,25.125,9.502,0.054,0.596,0.662,0.597,0.734,,,0.2,Manual,Manual,3,15
Plate3,35,C11,#020,gene4,Target,25.048,0.043,25.125,9.502,0.054,0.596,0.662,0.597,0.734,,,0.2,Manual,Manual,3,15
Plate3,36,C12,#020,gene4,Target,25.196,0.043,25.125,9.502,0.054,0.596,0.662,0.597,0.734,,,0.2,Manual,Manual,3,15
Plate3,46,D10,#031,gene4,Target,25.086,0.066,25.129,9.285,0.077,0.38,0.769,0.663,0.89,,,0.2,Manual,Manual,3,15
Plate3,47,D11,#031,gene4,Target,25.043,0.066,25.129,9.285,0.077,0.38,0.769,0.663,0.89,,,0.2,Manual,Manual,3,15
Plate3,48,D12,#031,gene4,Target,25.259,0.066,25.129,9.285,0.077,0.38,0.769,0.663,0.89,,,0.2,Manual,Manual,3,15
Plate3,58,E10,#009,gene4,Target,25.103,0.047,25.116,9.455,0.055,0.549,0.683,0.615,0.76,,,0.2,Manual,Manual,3,15
Plate3,59,E11,#009,gene4,Target,25.042,0.047,25.116,9.455,0.055,0.549,0.683,0.615,0.76,,,0.2,Manual,Manual,3,15
Plate3,60,E12,#009,gene4,Target,25.203,0.047,25.116,9.455,0.055,0.549,0.683,0.615,0.76,,,0.2,Manual,Manual,3,15
Plate3,70,F10,#025,gene4,Target,24.413,0.01,24.428,8.533,0.014,-0.372,1.294,1.259,1.331,,,0.2,Manual,Manual,3,15
Plate3,71,F11,#025,gene4,Target,24.425,0.01,24.428,8.533,0.014,-0.372,1.294,1.259,1.331,,,0.2,Manual,Manual,3,15
Plate3,72,F12,#025,gene4,Target,24.446,0.01,24.428,8.533,0.014,-0.372,1.294,1.259,1.331,,,0.2,Manual,Manual,3,15
Plate3,82,G10,#015,gene4,Target,25.168,0.035,25.221,9.178,0.36,0.273,0.828,0.414,1.654,,,0.2,Manual,Manual,3,15
Plate3,83,G11,#015,gene4,Target,25.206,0.035,25.221,9.178,0.36,0.273,0.828,0.414,1.654,,,0.2,Manual,Manual,3,15
Plate3,84,G12,#015,gene4,Target,25.288,0.035,25.221,9.178,0.36,0.273,0.828,0.414,1.654,,,0.2,Manual,Manual,3,15
Plate3,94,H10,#029,gene4,Target,24.467,0.032,24.532,8.418,0.04,-0.487,1.402,1.297,1.515,,,0.2,Manual,Manual,3,15
Plate3,95,H11,#029,gene4,Target,24.563,0.032,24.532,8.418,0.04,-0.487,1.402,1.297,1.515,,,0.2,Manual,Manual,3,15
Plate3,96,H12,#029,gene4,Target,24.565,0.032,24.532,8.418,0.04,-0.487,1.402,1.297,1.515,,,0.2,Manual,Manual,3,15
Plate3,4,A4,#008,gene9,Target,30.177,0.109,30.245,14.263,0.14,-0.162,1.119,0.855,1.463,,,0.2,Manual,Manual,3,15
Plate3,5,A5,#008,gene9,Target,30.459,0.109,30.245,14.263,0.14,-0.162,1.119,0.855,1.463,,,0.2,Manual,Manual,3,15
Plate3,6,A6,#008,gene9,Target,30.099,0.109,30.245,14.263,0.14,-0.162,1.119,0.855,1.463,,,0.2,Manual,Manual,3,15
Plate3,16,B4,#014,gene9,Target,30.087,0.133,30.301,14.602,0.137,0.178,0.884,0.679,1.151,,,0.2,Manual,Manual,3,15
Plate3,17,B5,#014,gene9,Target,30.546,0.133,30.301,14.602,0.137,0.178,0.884,0.679,1.151,,,0.2,Manual,Manual,3,15
Plate3,18,B6,#014,gene9,Target,30.27,0.133,30.301,14.602,0.137,0.178,0.884,0.679,1.151,,,0.2,Manual,Manual,3,15
Plate3,28,C4,#020,gene9,Target,30.516,0.131,30.705,15.081,0.135,0.657,0.634,0.489,0.822,,,0.2,Manual,Manual,3,15
Plate3,29,C5,#020,gene9,Target,30.643,0.131,30.705,15.081,0.135,0.657,0.634,0.489,0.822,,,0.2,Manual,Manual,3,15
Plate3,30,C6,#020,gene9,Target,30.955,0.131,30.705,15.081,0.135,0.657,0.634,0.489,0.822,,,0.2,Manual,Manual,3,15
Plate3,40,D4,#031,gene9,Target,30.458,0.108,30.46,14.616,0.115,0.192,0.875,0.702,1.092,,,0.2,Manual,Manual,3,15
Plate3,41,D5,#031,gene9,Target,30.274,0.108,30.46,14.616,0.115,0.192,0.875,0.702,1.092,,,0.2,Manual,Manual,3,15
Plate3,42,D6,#031,gene9,Target,30.648,0.108,30.46,14.616,0.115,0.192,0.875,0.702,1.092,,,0.2,Manual,Manual,3,15
Plate3,52,E4,#009,gene9,Target,30.291,0.141,30.416,14.755,0.144,0.331,0.795,0.603,1.048,,,0.2,Manual,Manual,3,15
Plate3,53,E5,#009,gene9,Target,30.697,0.141,30.416,14.755,0.144,0.331,0.795,0.603,1.048,,,0.2,Manual,Manual,3,15
Plate3,54,E6,#009,gene9,Target,30.261,0.141,30.416,14.755,0.144,0.331,0.795,0.603,1.048,,,0.2,Manual,Manual,3,15
Plate3,64,F4,#025,gene9,Target,32.191,0.274,31.805,15.91,0.275,1.486,0.357,0.21,0.606,,,0.2,Manual,Manual,3,15
Plate3,65,F5,#025,gene9,Target,31.274,0.274,31.805,15.91,0.275,1.486,0.357,0.21,0.606,,,0.2,Manual,Manual,3,15
Plate3,66,F6,#025,gene9,Target,31.949,0.274,31.805,15.91,0.275,1.486,0.357,0.21,0.606,,,0.2,Manual,Manual,3,15
Plate3,76,G4,#015,gene9,Target,31.109,0.037,31.163,15.12,0.36,0.696,0.617,0.309,1.234,,,0.2,Manual,Manual,3,15
Plate3,77,G5,#015,gene9,Target,31.235,0.037,31.163,15.12,0.36,0.696,0.617,0.309,1.234,,,0.2,Manual,Manual,3,15
Plate3,78,G6,#015,gene9,Target,31.145,0.037,31.163,15.12,0.36,0.696,0.617,0.309,1.234,,,0.2,Manual,Manual,3,15
Plate3,88,H4,#029,gene9,Target,33.105,0.246,32.626,16.512,0.248,2.088,0.235,0.146,0.379,,,0.2,Manual,Manual,3,15
Plate3,89,H5,#029,gene9,Target,32.485,0.246,32.626,16.512,0.248,2.088,0.235,0.146,0.379,,,0.2,Manual,Manual,3,15
Plate3,90,H6,#029,gene9,Target,32.287,0.246,32.626,16.512,0.248,2.088,0.235,0.146,0.379,,,0.2,Manual,Manual,3,15
Plate4,7,A7,#023,gene2,Target,21.045,0.026,21.096,5.097,0.076,-1.874,3.666,3.169,4.241,,,0.2,Manual,Manual,3,15
Plate4,8,A8,#023,gene2,Target,21.12,0.026,21.096,5.097,0.076,-1.874,3.666,3.169,4.241,,,0.2,Manual,Manual,3,15
Plate4,9,A9,#023,gene2,Target,21.125,0.026,21.096,5.097,0.076,-1.874,3.666,3.169,4.241,,,0.2,Manual,Manual,3,15
Plate4,19,B7,#004,gene2,Target,23.3,0.009,23.318,7.595,0.038,0.623,0.649,0.604,0.698,,,0.2,Manual,Manual,3,15
Plate4,20,B8,#004,gene2,Target,23.331,0.009,23.318,7.595,0.038,0.623,0.649,0.604,0.698,,,0.2,Manual,Manual,3,15
Plate4,21,B9,#004,gene2,Target,23.323,0.009,23.318,7.595,0.038,0.623,0.649,0.604,0.698,,,0.2,Manual,Manual,3,15
Plate4,31,C7,#016,gene2,Target,22.035,0.047,21.953,6.2,0.064,-0.772,1.708,1.511,1.93,,,0.2,Manual,Manual,3,15
Plate4,32,C8,#016,gene2,Target,21.949,0.047,21.953,6.2,0.064,-0.772,1.708,1.511,1.93,,,0.2,Manual,Manual,3,15
Plate4,33,C9,#016,gene2,Target,21.874,0.047,21.953,6.2,0.064,-0.772,1.708,1.511,1.93,,,0.2,Manual,Manual,3,15
Plate4,43,D7,#021,gene2,Target,22.641,0.03,22.684,6.975,0.047,0.004,0.998,0.911,1.092,,,0.2,Manual,Manual,3,15
Plate4,44,D8,#021,gene2,Target,22.669,0.03,22.684,6.975,0.047,0.004,0.998,0.911,1.092,,,0.2,Manual,Manual,3,15
Plate4,45,D9,#021,gene2,Target,22.741,0.03,22.684,6.975,0.047,0.004,0.998,0.911,1.092,,,0.2,Manual,Manual,3,15
Plate4,55,E7,#030,gene2,Target,21.096,0.018,21.105,4.992,0.038,-1.979,3.943,3.665,4.241,,,0.2,Manual,Manual,3,15
Plate4,56,E8,#030,gene2,Target,21.14,0.018,21.105,4.992,0.038,-1.979,3.943,3.665,4.241,,,0.2,Manual,Manual,3,15
Plate4,57,E9,#030,gene2,Target,21.081,0.018,21.105,4.992,0.038,-1.979,3.943,3.665,4.241,,,0.2,Manual,Manual,3,15
Plate4,67,F7,#005,gene2,Target,22.011,0.033,21.986,6.234,0.041,-0.738,1.667,1.541,1.804,,,0.2,Manual,Manual,3,15
Plate4,68,F8,#005,gene2,Target,21.92,0.033,21.986,6.234,0.041,-0.738,1.667,1.541,1.804,,,0.2,Manual,Manual,3,15
Plate4,69,F9,#005,gene2,Target,22.026,0.033,21.986,6.234,0.041,-0.738,1.667,1.541,1.804,,,0.2,Manual,Manual,3,15
Plate4,79,G7,#010,gene2,Target,23.391,0.016,23.424,6.937,0.316,-0.035,1.025,0.557,1.883,,,0.2,Manual,Manual,3,15
Plate4,80,G8,#010,gene2,Target,23.437,0.016,23.424,6.937,0.316,-0.035,1.025,0.557,1.883,,,0.2,Manual,Manual,3,15
Plate4,81,G9,#010,gene2,Target,23.443,0.016,23.424,6.937,0.316,-0.035,1.025,0.557,1.883,,,0.2,Manual,Manual,3,15
Plate4,1,A1,#023,det_ctrl,ENDO,16.113,0.071,15.999,,,,,,,,,0.2,Manual,Manual,3,15
Plate4,2,A2,#023,det_ctrl,ENDO,16.017,0.071,15.999,,,,,,,,,0.2,Manual,Manual,3,15
Plate4,3,A3,#023,det_ctrl,ENDO,15.868,0.071,15.999,,,,,,,,,0.2,Manual,Manual,3,15
Plate4,13,B1,#004,det_ctrl,ENDO,15.686,0.036,15.723,,,,,,,,,0.2,Manual,Manual,3,15
Plate4,14,B2,#004,det_ctrl,ENDO,15.796,0.036,15.723,,,,,,,,,0.2,Manual,Manual,3,15
Plate4,15,B3,#004,det_ctrl,ENDO,15.688,0.036,15.723,,,,,,,,,0.2,Manual,Manual,3,15
Plate4,25,C1,#016,det_ctrl,ENDO,15.757,0.043,15.753,,,,,,,,,0.2,Manual,Manual,3,15
Plate4,26,C2,#016,det_ctrl,ENDO,15.827,0.043,15.753,,,,,,,,,0.2,Manual,Manual,3,15
Plate4,27,C3,#016,det_ctrl,ENDO,15.676,0.043,15.753,,,,,,,,,0.2,Manual,Manual,3,15
Plate4,37,D1,#021,det_ctrl,ENDO,15.744,0.036,15.709,,,,,,,,,0.2,Manual,Manual,3,15
Plate4,38,D2,#021,det_ctrl,ENDO,15.636,0.036,15.709,,,,,,,,,0.2,Manual,Manual,3,15
Plate4,39,D3,#021,det_ctrl,ENDO,15.746,0.036,15.709,,,,,,,,,0.2,Manual,Manual,3,15
Plate4,49,E1,#030,det_ctrl,ENDO,16.099,0.033,16.113,,,,,,,,,0.2,Manual,Manual,3,15
Plate4,50,E2,#030,det_ctrl,ENDO,16.177,0.033,16.113,,,,,,,,,0.2,Manual,Manual,3,15
Plate4,51,E3,#030,det_ctrl,ENDO,16.064,0.033,16.113,,,,,,,,,0.2,Manual,Manual,3,15
Plate4,61,F1,#005,det_ctrl,ENDO,15.775,0.024,15.752,,,,,,,,,0.2,Manual,Manual,3,15
Plate4,62,F2,#005,det_ctrl,ENDO,15.777,0.024,15.752,,,,,,,,,0.2,Manual,Manual,3,15
Plate4,63,F3,#005,det_ctrl,ENDO,15.703,0.024,15.752,,,,,,,,,0.2,Manual,Manual,3,15
Plate4,73,G1,#010,det_ctrl,ENDO,17.116,0.316,16.487,,,,,,,,,0.2,Manual,Manual,3,15
Plate4,74,G2,#010,det_ctrl,ENDO,16.228,0.316,16.487,,,,,,,,,0.2,Manual,Manual,3,15
Plate4,75,G3,#010,det_ctrl,ENDO,16.118,0.316,16.487,,,,,,,,,0.2,Manual,Manual,3,15
Plate4,10,A10,#023,gene4,Target,24.649,0.146,24.933,8.934,0.163,0.028,0.98,0.717,1.341,,,0.2,Manual,Manual,3,15
Plate4,11,A11,#023,gene4,Target,25.014,0.146,24.933,8.934,0.163,0.028,0.98,0.717,1.341,,,0.2,Manual,Manual,3,15
Plate4,12,A12,#023,gene4,Target,25.136,0.146,24.933,8.934,0.163,0.028,0.98,0.717,1.341,,,0.2,Manual,Manual,3,15
Plate4,22,B10,#004,gene4,Target,25.233,0.069,25.332,9.609,0.078,0.704,0.614,0.528,0.714,,,0.2,Manual,Manual,3,15
Plate4,23,B11,#004,gene4,Target,25.3,0.069,25.332,9.609,0.078,0.704,0.614,0.528,0.714,,,0.2,Manual,Manual,3,15
Plate4,24,B12,#004,gene4,Target,25.465,0.069,25.332,9.609,0.078,0.704,0.614,0.528,0.714,,,0.2,Manual,Manual,3,15
Plate4,34,C10,#016,gene4,Target,24.536,0.139,24.766,9.012,0.145,0.107,0.929,0.702,1.228,,,0.2,Manual,Manual,3,15
Plate4,35,C11,#016,gene4,Target,24.746,0.139,24.766,9.012,0.145,0.107,0.929,0.702,1.228,,,0.2,Manual,Manual,3,15
Plate4,36,C12,#016,gene4,Target,25.015,0.139,24.766,9.012,0.145,0.107,0.929,0.702,1.228,,,0.2,Manual,Manual,3,15
Plate4,46,D10,#021,gene4,Target,25.25,0.052,25.288,9.58,0.064,0.674,0.627,0.554,0.708,,,0.2,Manual,Manual,3,15
Plate4,47,D11,#021,gene4,Target,25.392,0.052,25.288,9.58,0.064,0.674,0.627,0.554,0.708,,,0.2,Manual,Manual,3,15
Plate4,48,D12,#021,gene4,Target,25.223,0.052,25.288,9.58,0.064,0.674,0.627,0.554,0.708,,,0.2,Manual,Manual,3,15
Plate4,58,E10,#030,gene4,Target,24.371,0.129,24.622,8.509,0.133,-0.397,1.317,1.019,1.701,,,0.2,Manual,Manual,3,15
Plate4,59,E11,#030,gene4,Target,24.697,0.129,24.622,8.509,0.133,-0.397,1.317,1.019,1.701,,,0.2,Manual,Manual,3,15
Plate4,60,E12,#030,gene4,Target,24.798,0.129,24.622,8.509,0.133,-0.397,1.317,1.019,1.701,,,0.2,Manual,Manual,3,15
Plate4,70,F10,#005,gene4,Target,24.446,0.048,24.497,8.745,0.054,-0.161,1.118,1.008,1.24,,,0.2,Manual,Manual,3,15
Plate4,71,F11,#005,gene4,Target,24.451,0.048,24.497,8.745,0.054,-0.161,1.118,1.008,1.24,,,0.2,Manual,Manual,3,15
Plate4,72,F12,#005,gene4,Target,24.592,0.048,24.497,8.745,0.054,-0.161,1.118,1.008,1.24,,,0.2,Manual,Manual,3,15
Plate4,82,G10,#010,gene4,Target,24.213,0.048,24.188,7.7,0.319,-1.205,2.306,1.247,4.264,,,0.2,Manual,Manual,3,15
Plate4,83,G11,#010,gene4,Target,24.094,0.048,24.188,7.7,0.319,-1.205,2.306,1.247,4.264,,,0.2,Manual,Manual,3,15
Plate4,84,G12,#010,gene4,Target,24.256,0.048,24.188,7.7,0.319,-1.205,2.306,1.247,4.264,,,0.2,Manual,Manual,3,15
Plate4,4,A4,#023,gene9,Target,32.33,0.078,32.187,16.187,0.105,1.763,0.295,0.241,0.361,,,0.2,Manual,Manual,3,15
Plate4,5,A5,#023,gene9,Target,32.167,0.078,32.187,16.187,0.105,1.763,0.295,0.241,0.361,,,0.2,Manual,Manual,3,15
Plate4,6,A6,#023,gene9,Target,32.063,0.078,32.187,16.187,0.105,1.763,0.295,0.241,0.361,,,0.2,Manual,Manual,3,15
Plate4,16,B4,#004,gene9,Target,30.559,0.023,30.551,14.828,0.043,0.404,0.756,0.696,0.821,,,0.2,Manual,Manual,3,15
Plate4,17,B5,#004,gene9,Target,30.586,0.023,30.551,14.828,0.043,0.404,0.756,0.696,0.821,,,0.2,Manual,Manual,3,15
Plate4,18,B6,#004,gene9,Target,30.508,0.023,30.551,14.828,0.043,0.404,0.756,0.696,0.821,,,0.2,Manual,Manual,3,15
Plate4,28,C4,#016,gene9,Target,30.74,0.209,30.864,15.11,0.213,0.686,0.621,0.412,0.937,,,0.2,Manual,Manual,3,15
Plate4,29,C5,#016,gene9,Target,31.272,0.209,30.864,15.11,0.213,0.686,0.621,0.412,0.937,,,0.2,Manual,Manual,3,15
Plate4,30,C6,#016,gene9,Target,30.58,0.209,30.864,15.11,0.213,0.686,0.621,0.412,0.937,,,0.2,Manual,Manual,3,15
Plate4,40,D4,#021,gene9,Target,31.236,0.054,31.322,15.613,0.065,1.189,0.438,0.387,0.497,,,0.2,Manual,Manual,3,15
Plate4,41,D5,#021,gene9,Target,31.311,0.054,31.322,15.613,0.065,1.189,0.438,0.387,0.497,,,0.2,Manual,Manual,3,15
Plate4,42,D6,#021,gene9,Target,31.42,0.054,31.322,15.613,0.065,1.189,0.438,0.387,0.497,,,0.2,Manual,Manual,3,15
Plate4,52,E4,#030,gene9,Target,32.365,0.13,32.132,16.019,0.135,1.595,0.331,0.256,0.429,,,0.2,Manual,Manual,3,15
Plate4,53,E5,#030,gene9,Target,32.116,0.13,32.132,16.019,0.135,1.595,0.331,0.256,0.429,,,0.2,Manual,Manual,3,15
Plate4,54,E6,#030,gene9,Target,31.914,0.13,32.132,16.019,0.135,1.595,0.331,0.256,0.429,,,0.2,Manual,Manual,3,15
Plate4,64,F4,#005,gene9,Target,30.781,0.134,30.823,15.071,0.136,0.647,0.639,0.492,0.829,,,0.2,Manual,Manual,3,15
Plate4,65,F5,#005,gene9,Target,30.615,0.134,30.823,15.071,0.136,0.647,0.639,0.492,0.829,,,0.2,Manual,Manual,3,15
Plate4,66,F6,#005,gene9,Target,31.073,0.134,30.823,15.071,0.136,0.647,0.639,0.492,0.829,,,0.2,Manual,Manual,3,15
Plate4,76,G4,#010,gene9,Target,30.358,0.159,30.594,14.107,0.353,-0.318,1.246,0.631,2.46,,,0.2,Manual,Manual,3,15
Plate4,77,G5,#010,gene9,Target,30.529,0.159,30.594,14.107,0.353,-0.318,1.246,0.631,2.46,,,0.2,Manual,Manual,3,15
Plate4,78,G6,#010,gene9,Target,30.895,0.159,30.594,14.107,0.353,-0.318,1.246,0.631,2.46,,,0.2,Manual,Manual,3,15
Plate5,1,A1,#022,gene3,Target,29.033,0.134,28.812,,,,,,,,,0.2,Manual,Manual,3,15
Plate5,2,A2,#022,gene3,Target,28.835,0.134,28.812,,,,,,,,,0.2,Manual,Manual,3,15
Plate5,3,A3,#022,gene3,Target,28.569,0.134,28.812,,,,,,,,,0.2,Manual,Manual,3,15
Plate5,7,A7,#026,gene3,Target,25.667,0.071,25.786,,,,,,,,,0.2,Manual,Manual,3,15
Plate5,8,A8,#026,gene3,Target,25.911,0.071,25.786,,,,,,,,,0.2,Manual,Manual,3,15
Plate5,9,A9,#026,gene3,Target,25.779,0.071,25.786,,,,,,,,,0.2,Manual,Manual,3,15
Plate5,13,B1,#011,gene3,Target,27.527,0.078,27.382,,,,,,,,,0.2,Manual,Manual,3,15
Plate5,14,B2,#011,gene3,Target,27.26,0.078,27.382,,,,,,,,,0.2,Manual,Manual,3,15
Plate5,15,B3,#011,gene3,Target,27.361,0.078,27.382,,,,,,,,,0.2,Manual,Manual,3,15
Plate5,19,B7,#027,gene3,Target,28.069,0.124,27.837,,,,,,,,,0.2,Manual,Manual,3,15
Plate5,20,B8,#027,gene3,Target,27.644,0.124,27.837,,,,,,,,,0.2,Manual,Manual,3,15
Plate5,21,B9,#027,gene3,Target,27.797,0.124,27.837,,,,,,,,,0.2,Manual,Manual,3,15
Plate5,25,C1,#012,gene3,Target,25.337,0.03,25.278,,,,,,,,,0.2,Manual,Manual,3,15
Plate5,26,C2,#012,gene3,Target,25.244,0.03,25.278,,,,,,,,,0.2,Manual,Manual,3,15
Plate5,27,C3,#012,gene3,Target,25.251,0.03,25.278,,,,,,,,,0.2,Manual,Manual,3,15
Plate5,31,C7,#002,gene3,Target,27.856,0.119,27.843,,,,,,,,,0.2,Manual,Manual,3,15
Plate5,32,C8,#002,gene3,Target,28.041,0.119,27.843,,,,,,,,,0.2,Manual,Manual,3,15
Plate5,33,C9,#002,gene3,Target,27.63,0.119,27.843,,,,,,,,,0.2,Manual,Manual,3,15
Plate5,37,D1,#017,gene3,Target,27.647,0.082,27.811,,,,,,,,,0.2,Manual,Manual,3,15
Plate5,38,D2,#017,gene3,Target,27.891,0.082,27.811,,,,,,,,,0.2,Manual,Manual,3,15
Plate5,39,D3,#017,gene3,Target,27.895,0.082,27.811,,,,,,,,,0.2,Manual,Manual,3,15
Plate5,43,D7,#007,gene3,Target,26.233,0.054,26.279,,,,,,,,,0.2,Manual,Manual,3,15
Plate5,44,D8,#007,gene3,Target,26.217,0.054,26.279,,,,,,,,,0.2,Manual,Manual,3,15
Plate5,45,D9,#007,gene3,Target,26.387,0.054,26.279,,,,,,,,,0.2,Manual,Manual,3,15
Plate5,49,E1,#024,gene3,Target,25.869,0.044,25.902,,,,,,,,,0.2,Manual,Manual,3,15
Plate5,50,E2,#024,gene3,Target,25.989,0.044,25.902,,,,,,,,,0.2,Manual,Manual,3,15
Plate5,51,E3,#024,gene3,Target,25.848,0.044,25.902,,,,,,,,,0.2,Manual,Manual,3,15
Plate5,55,E7,#028,gene3,Target,28.494,0.233,28.631,,,,,,,,,0.2,Manual,Manual,3,15
Plate5,56,E8,#028,gene3,Target,28.314,0.233,28.631,,,,,,,,,0.2,Manual,Manual,3,15
Plate5,57,E9,#028,gene3,Target,29.087,0.233,28.631,,,,,,,,,0.2,Manual,Manual,3,15
Plate5,61,F1,#001,gene3,Target,25.124,0.005,25.114,,,,,,,,,0.2,Manual,Manual,3,15
Plate5,62,F2,#001,gene3,Target,25.113,0.005,25.114,,,,,,,,,0.2,Manual,Manual,3,15
Plate5,63,F3,#001,gene3,Target,25.107,0.005,25.114,,,,,,,,,0.2,Manual,Manual,3,15
Plate5,67,F7,#013,gene3,Target,26.908,0.08,26.912,,,,,,,,,0.2,Manual,Manual,3,15
Plate5,68,F8,#013,gene3,Target,27.052,0.08,26.912,,,,,,,,,0.2,Manual,Manual,3,15
Plate5,69,F9,#013,gene3,Target,26.777,0.08,26.912,,,,,,,,,0.2,Manual,Manual,3,15
Plate5,73,G1,#018,gene3,Target,26.364,0.009,25.299,,,,,,,,Outlier,0.2,Manual,Manual,3,15
Plate5,74,G2,#018,gene3,Target,25.309,0.009,25.299,,,,,,,,,0.2,Manual,Manual,3,15
Plate5,75,G3,#018,gene3,Target,25.29,0.009,25.299,,,,,,,,,0.2,Manual,Manual,3,15
Plate5,79,G7,#003,gene3,Target,24.34,0.049,24.32,,,,,,,,,0.2,Manual,Manual,3,15
Plate5,80,G8,#003,gene3,Target,24.227,0.049,24.32,,,,,,,,,0.2,Manual,Manual,3,15
Plate5,81,G9,#003,gene3,Target,24.393,0.049,24.32,,,,,,,,,0.2,Manual,Manual,3,15
Plate5,85,H1,#006,gene3,Target,25.581,0.075,25.431,,,,,,,,,0.2,Manual,Manual,3,15
Plate5,86,H2,#006,gene3,Target,25.364,0.075,25.431,,,,,,,,,0.2,Manual,Manual,3,15
Plate5,87,H3,#006,gene3,Target,25.349,0.075,25.431,,,,,,,,,0.2,Manual,Manual,3,15
Plate5,91,H7,#019,gene3,Target,25.551,0.082,25.632,,,,,,,,,0.2,Manual,Manual,3,15
Plate5,92,H8,#019,gene3,Target,25.549,0.082,25.632,,,,,,,,,0.2,Manual,Manual,3,15
Plate5,93,H9,#019,gene3,Target,25.796,0.082,25.632,,,,,,,,,0.2,Manual,Manual,3,15
Plate5,4,A4,#022,gene5,Target,24.049,0.024,24.058,,,,,,,,,0.2,Manual,Manual,3,15
Plate5,5,A5,#022,gene5,Target,24.102,0.024,24.058,,,,,,,,,0.2,Manual,Manual,3,15
Plate5,6,A6,#022,gene5,Target,24.021,0.024,24.058,,,,,,,,,0.2,Manual,Manual,3,15
Plate5,10,A10,#026,gene5,Target,25.329,0.005,25.324,,,,,,,,,0.2,Manual,Manual,3,15
Plate5,11,A11,#026,gene5,Target,25.319,0.005,25.324,,,,,,,,,0.2,Manual,Manual,3,15
Plate5,12,A12,#026,gene5,Target,25.741,0.005,25.324,,,,,,,,Outlier,0.2,Manual,Manual,3,15
Plate5,16,B4,#011,gene5,Target,26.022,0.052,26.087,,,,,,,,,0.2,Manual,Manual,3,15
Plate5,17,B5,#011,gene5,Target,26.049,0.052,26.087,,,,,,,,,0.2,Manual,Manual,3,15
Plate5,18,B6,#011,gene5,Target,26.19,0.052,26.087,,,,,,,,,0.2,Manual,Manual,3,15
Plate5,22,B10,#027,gene5,Target,24.632,0.062,24.736,,,,,,,,,0.2,Manual,Manual,3,15
Plate5,23,B11,#027,gene5,Target,24.729,0.062,24.736,,,,,,,,,0.2,Manual,Manual,3,15
Plate5,24,B12,#027,gene5,Target,24.847,0.062,24.736,,,,,,,,,0.2,Manual,Manual,3,15
Plate5,28,C4,#012,gene5,Target,25.301,0.02,25.315,,,,,,,,,0.2,Manual,Manual,3,15
Plate5,29,C5,#012,gene5,Target,25.29,0.02,25.315,,,,,,,,,0.2,Manual,Manual,3,15
Plate5,30,C6,#012,gene5,Target,25.355,0.02,25.315,,,,,,,,,0.2,Manual,Manual,3,15
Plate5,34,C10,#002,gene5,Target,26.027,0.046,26.119,,,,,,,,,0.2,Manual,Manual,3,15
Plate5,35,C11,#002,gene5,Target,26.158,0.046,26.119,,,,,,,,,0.2,Manual,Manual,3,15
Plate5,36,C12,#002,gene5,Target,26.173,0.046,26.119,,,,,,,,,0.2,Manual,Manual,3,15
Plate5,40,D4,#017,gene5,Target,24.869,0.059,24.834,,,,,,,,,0.2,Manual,Manual,3,15
Plate5,41,D5,#017,gene5,Target,24.915,0.059,24.834,,,,,,,,,0.2,Manual,Manual,3,15
Plate5,42,D6,#017,gene5,Target,24.718,0.059,24.834,,,,,,,,,0.2,Manual,Manual,3,15
Plate5,46,D10,#007,gene5,Target,26.046,0.044,25.981,,,,,,,,,0.2,Manual,Manual,3,15
Plate5,47,D11,#007,gene5,Target,26,0.044,25.981,,,,,,,,,0.2,Manual,Manual,3,15
Plate5,48,D12,#007,gene5,Target,25.897,0.044,25.981,,,,,,,,,0.2,Manual,Manual,3,15
Plate5,52,E4,#024,gene5,Target,25.699,0.054,25.661,,,,,,,,,0.2,Manual,Manual,3,15
Plate5,53,E5,#024,gene5,Target,25.555,0.054,25.661,,,,,,,,,0.2,Manual,Manual,3,15
Plate5,54,E6,#024,gene5,Target,25.731,0.054,25.661,,,,,,,,,0.2,Manual,Manual,3,15
Plate5,58,E10,#028,gene5,Target,24.158,0.042,24.138,,,,,,,,,0.2,Manual,Manual,3,15
Plate5,59,E11,#028,gene5,Target,24.058,0.042,24.138,,,,,,,,,0.2,Manual,Manual,3,15
Plate5,60,E12,#028,gene5,Target,24.198,0.042,24.138,,,,,,,,,0.2,Manual,Manual,3,15
Plate5,64,F4,#001,gene5,Target,24.898,0.018,24.875,,,,,,,,,0.2,Manual,Manual,3,15
Plate5,65,F5,#001,gene5,Target,24.839,0.018,24.875,,,,,,,,,0.2,Manual,Manual,3,15
Plate5,66,F6,#001,gene5,Target,24.888,0.018,24.875,,,,,,,,,0.2,Manual,Manual,3,15
Plate5,70,F10,#013,gene5,Target,26.339,0.106,26.511,,,,,,,,,0.2,Manual,Manual,3,15
Plate5,71,F11,#013,gene5,Target,26.489,0.106,26.511,,,,,,,,,0.2,Manual,Manual,3,15
Plate5,72,F12,#013,gene5,Target,26.705,0.106,26.511,,,,,,,,,0.2,Manual,Manual,3,15
Plate5,76,G4,#018,gene5,Target,25.11,0.031,25.057,,,,,,,,,0.2,Manual,Manual,3,15
Plate5,77,G5,#018,gene5,Target,25.002,0.031,25.057,,,,,,,,,0.2,Manual,Manual,3,15
Plate5,78,G6,#018,gene5,Target,25.059,0.031,25.057,,,,,,,,,0.2,Manual,Manual,3,15
Plate5,82,G10,#003,gene5,Target,24.555,0.022,24.595,,,,,,,,,0.2,Manual,Manual,3,15
Plate5,83,G11,#003,gene5,Target,24.629,0.022,24.595,,,,,,,,,0.2,Manual,Manual,3,15
Plate5,84,G12,#003,gene5,Target,24.6,0.022,24.595,,,,,,,,,0.2,Manual,Manual,3,15
Plate5,88,H4,#006,gene5,Target,25.582,0.053,25.687,,,,,,,,,0.2,Manual,Manual,3,15
Plate5,89,H5,#006,gene5,Target,25.747,0.053,25.687,,,,,,,,,0.2,Manual,Manual,3,15
Plate5,90,H6,#006,gene5,Target,25.733,0.053,25.687,,,,,,,,,0.2,Manual,Manual,3,15
Plate5,94,H10,#019,gene5,Target,25.562,0.051,25.609,,,,,,,,,0.2,Manual,Manual,3,15
Plate5,95,H11,#019,gene5,Target,25.553,0.051,25.609,,,,,,,,,0.2,Manual,Manual,3,15
Plate5,96,H12,#019,gene5,Target,25.711,0.051,25.609,,,,,,,,,0.2,Manual,Manual,3,15
Plate6,1,A1,#008,gene3,Target,22.558,0.094,22.4,,,,,,,,,0.2,Manual,Manual,3,15
Plate6,2,A2,#008,gene3,Target,22.408,0.094,22.4,,,,,,,,,0.2,Manual,Manual,3,15
Plate6,3,A3,#008,gene3,Target,22.234,0.094,22.4,,,,,,,,,0.2,Manual,Manual,3,15
Plate6,7,A7,#023,gene3,Target,28.355,0.18,28.715,,,,,,,,,0.2,Manual,Manual,3,15
Plate6,8,A8,#023,gene3,Target,28.918,0.18,28.715,,,,,,,,,0.2,Manual,Manual,3,15
Plate6,9,A9,#023,gene3,Target,28.872,0.18,28.715,,,,,,,,,0.2,Manual,Manual,3,15
Plate6,13,B1,#014,gene3,Target,24.552,0.1,24.358,,,,,,,,,0.2,Manual,Manual,3,15
Plate6,14,B2,#014,gene3,Target,24.222,0.1,24.358,,,,,,,,,0.2,Manual,Manual,3,15
Plate6,15,B3,#014,gene3,Target,24.299,0.1,24.358,,,,,,,,,0.2,Manual,Manual,3,15
Plate6,19,B7,#004,gene3,Target,25.314,0.03,25.265,,,,,,,,,0.2,Manual,Manual,3,15
Plate6,20,B8,#004,gene3,Target,25.272,0.03,25.265,,,,,,,,,0.2,Manual,Manual,3,15
Plate6,21,B9,#004,gene3,Target,25.209,0.03,25.265,,,,,,,,,0.2,Manual,Manual,3,15
Plate6,25,C1,#020,gene3,Target,25.783,0.09,25.638,,,,,,,,,0.2,Manual,Manual,3,15
Plate6,26,C2,#020,gene3,Target,25.657,0.09,25.638,,,,,,,,,0.2,Manual,Manual,3,15
Plate6,27,C3,#020,gene3,Target,25.474,0.09,25.638,,,,,,,,,0.2,Manual,Manual,3,15
Plate6,31,C7,#016,gene3,Target,25.038,0.081,24.957,,,,,,,,,0.2,Manual,Manual,3,15
Plate6,32,C8,#016,gene3,Target,25.039,0.081,24.957,,,,,,,,,0.2,Manual,Manual,3,15
Plate6,33,C9,#016,gene3,Target,24.794,0.081,24.957,,,,,,,,,0.2,Manual,Manual,3,15
Plate6,37,D1,#031,gene3,Target,25.751,0.07,25.638,,,,,,,,,0.2,Manual,Manual,3,15
Plate6,38,D2,#031,gene3,Target,25.653,0.07,25.638,,,,,,,,,0.2,Manual,Manual,3,15
Plate6,39,D3,#031,gene3,Target,25.509,0.07,25.638,,,,,,,,,0.2,Manual,Manual,3,15
Plate6,43,D7,#021,gene3,Target,25.985,0.047,26.077,,,,,,,,,0.2,Manual,Manual,3,15
Plate6,44,D8,#021,gene3,Target,26.103,0.047,26.077,,,,,,,,,0.2,Manual,Manual,3,15
Plate6,45,D9,#021,gene3,Target,26.142,0.047,26.077,,,,,,,,,0.2,Manual,Manual,3,15
Plate6,49,E1,#009,gene3,Target,26.024,0.076,25.968,,,,,,,,,0.2,Manual,Manual,3,15
Plate6,50,E2,#009,gene3,Target,26.061,0.076,25.968,,,,,,,,,0.2,Manual,Manual,3,15
Plate6,51,E3,#009,gene3,Target,25.818,0.076,25.968,,,,,,,,,0.2,Manual,Manual,3,15
Plate6,55,E7,#030,gene3,Target,29.046,0.18,29.202,,,,,,,,,0.2,Manual,Manual,3,15
Plate6,56,E8,#030,gene3,Target,29,0.18,29.202,,,,,,,,,0.2,Manual,Manual,3,15
Plate6,57,E9,#030,gene3,Target,29.561,0.18,29.202,,,,,,,,,0.2,Manual,Manual,3,15
Plate6,61,F1,#025,gene3,Target,28.523,0.051,28.435,,,,,,,,,0.2,Manual,Manual,3,15
Plate6,62,F2,#025,gene3,Target,28.438,0.051,28.435,,,,,,,,,0.2,Manual,Manual,3,15
Plate6,63,F3,#025,gene3,Target,28.345,0.051,28.435,,,,,,,,,0.2,Manual,Manual,3,15
Plate6,67,F7,#005,gene3,Target,26.358,0.055,26.282,,,,,,,,,0.2,Manual,Manual,3,15
Plate6,68,F8,#005,gene3,Target,26.314,0.055,26.282,,,,,,,,,0.2,Manual,Manual,3,15
Plate6,69,F9,#005,gene3,Target,26.174,0.055,26.282,,,,,,,,,0.2,Manual,Manual,3,15
Plate6,73,G1,#015,gene3,Target,28.002,0.419,27.17,,,,,,,,,0.2,Manual,Manual,3,15
Plate6,74,G2,#015,gene3,Target,26.661,0.419,27.17,,,,,,,,,0.2,Manual,Manual,3,15
Plate6,75,G3,#015,gene3,Target,26.847,0.419,27.17,,,,,,,,,0.2,Manual,Manual,3,15
Plate6,79,G7,#010,gene3,Target,23.586,0.072,23.668,,,,,,,,,0.2,Manual,Manual,3,15
Plate6,80,G8,#010,gene3,Target,23.607,0.072,23.668,,,,,,,,,0.2,Manual,Manual,3,15
Plate6,81,G9,#010,gene3,Target,23.81,0.072,23.668,,,,,,,,,0.2,Manual,Manual,3,15
Plate6,85,H1,#029,gene3,Target,28.268,0.117,28.492,,,,,,,,,0.2,Manual,Manual,3,15
Plate6,86,H2,#029,gene3,Target,28.664,0.117,28.492,,,,,,,,,0.2,Manual,Manual,3,15
Plate6,87,H3,#029,gene3,Target,28.545,0.117,28.492,,,,,,,,,0.2,Manual,Manual,3,15
Plate6,4,A4,#008,gene5,Target,22.837,0.051,22.898,,,,,,,,,0.2,Manual,Manual,3,15
Plate6,5,A5,#008,gene5,Target,22.858,0.051,22.898,,,,,,,,,0.2,Manual,Manual,3,15
Plate6,6,A6,#008,gene5,Target,23,0.051,22.898,,,,,,,,,0.2,Manual,Manual,3,15
Plate6,10,A10,#023,gene5,Target,24.472,0.084,24.635,,,,,,,,,0.2,Manual,Manual,3,15
Plate6,11,A11,#023,gene5,Target,24.685,0.084,24.635,,,,,,,,,0.2,Manual,Manual,3,15
Plate6,12,A12,#023,gene5,Target,24.748,0.084,24.635,,,,,,,,,0.2,Manual,Manual,3,15
Plate6,16,B4,#014,gene5,Target,24.492,0.082,24.544,,,,,,,,,0.2,Manual,Manual,3,15
Plate6,17,B5,#014,gene5,Target,24.704,0.082,24.544,,,,,,,,,0.2,Manual,Manual,3,15
Plate6,18,B6,#014,gene5,Target,24.435,0.082,24.544,,,,,,,,,0.2,Manual,Manual,3,15
Plate6,22,B10,#004,gene5,Target,25.562,0.06,25.615,,,,,,,,,0.2,Manual,Manual,3,15
Plate6,23,B11,#004,gene5,Target,25.549,0.06,25.615,,,,,,,,,0.2,Manual,Manual,3,15
Plate6,24,B12,#004,gene5,Target,25.733,0.06,25.615,,,,,,,,,0.2,Manual,Manual,3,15
Plate6,28,C4,#020,gene5,Target,25.316,0.076,25.463,,,,,,,,,0.2,Manual,Manual,3,15
Plate6,29,C5,#020,gene5,Target,25.506,0.076,25.463,,,,,,,,,0.2,Manual,Manual,3,15
Plate6,30,C6,#020,gene5,Target,25.568,0.076,25.463,,,,,,,,,0.2,Manual,Manual,3,15
Plate6,34,C10,#016,gene5,Target,25.078,0.039,25.123,,,,,,,,,0.2,Manual,Manual,3,15
Plate6,35,C11,#016,gene5,Target,25.09,0.039,25.123,,,,,,,,,0.2,Manual,Manual,3,15
Plate6,36,C12,#016,gene5,Target,25.201,0.039,25.123,,,,,,,,,0.2,Manual,Manual,3,15
Plate6,40,D4,#031,gene5,Target,25.409,0.06,25.494,,,,,,,,,0.2,Manual,Manual,3,15
Plate6,41,D5,#031,gene5,Target,25.463,0.06,25.494,,,,,,,,,0.2,Manual,Manual,3,15
Plate6,42,D6,#031,gene5,Target,25.609,0.06,25.494,,,,,,,,,0.2,Manual,Manual,3,15
Plate6,46,D10,#021,gene5,Target,25.689,0.041,25.74,,,,,,,,,0.2,Manual,Manual,3,15
Plate6,47,D11,#021,gene5,Target,25.711,0.041,25.74,,,,,,,,,0.2,Manual,Manual,3,15
Plate6,48,D12,#021,gene5,Target,25.82,0.041,25.74,,,,,,,,,0.2,Manual,Manual,3,15
Plate6,52,E4,#009,gene5,Target,25.742,0.098,25.558,,,,,,,,,0.2,Manual,Manual,3,15
Plate6,53,E5,#009,gene5,Target,25.405,0.098,25.558,,,,,,,,,0.2,Manual,Manual,3,15
Plate6,54,E6,#009,gene5,Target,25.528,0.098,25.558,,,,,,,,,0.2,Manual,Manual,3,15
Plate6,58,E10,#030,gene5,Target,24.104,0.042,24.125,,,,,,,,,0.2,Manual,Manual,3,15
Plate6,59,E11,#030,gene5,Target,24.066,0.042,24.125,,,,,,,,,0.2,Manual,Manual,3,15
Plate6,60,E12,#030,gene5,Target,24.205,0.042,24.125,,,,,,,,,0.2,Manual,Manual,3,15
Plate6,64,F4,#025,gene5,Target,24.153,0.035,24.213,,,,,,,,,0.2,Manual,Manual,3,15
Plate6,65,F5,#025,gene5,Target,24.213,0.035,24.213,,,,,,,,,0.2,Manual,Manual,3,15
Plate6,66,F6,#025,gene5,Target,24.274,0.035,24.213,,,,,,,,,0.2,Manual,Manual,3,15
Plate6,70,F10,#005,gene5,Target,25.872,0.048,25.966,,,,,,,,,0.2,Manual,Manual,3,15
Plate6,71,F11,#005,gene5,Target,25.999,0.048,25.966,,,,,,,,,0.2,Manual,Manual,3,15
Plate6,72,F12,#005,gene5,Target,26.028,0.048,25.966,,,,,,,,,0.2,Manual,Manual,3,15
Plate6,76,G4,#015,gene5,Target,25.811,0.052,25.71,,,,,,,,,0.2,Manual,Manual,3,15
Plate6,77,G5,#015,gene5,Target,25.638,0.052,25.71,,,,,,,,,0.2,Manual,Manual,3,15
Plate6,78,G6,#015,gene5,Target,25.682,0.052,25.71,,,,,,,,,0.2,Manual,Manual,3,15
Plate6,82,G10,#010,gene5,Target,24.147,0.017,24.118,,,,,,,,,0.2,Manual,Manual,3,15
Plate6,83,G11,#010,gene5,Target,24.088,0.017,24.118,,,,,,,,,0.2,Manual,Manual,3,15
Plate6,84,G12,#010,gene5,Target,24.119,0.017,24.118,,,,,,,,,0.2,Manual,Manual,3,15
Plate6,88,H4,#029,gene5,Target,24.418,0.071,24.459,,,,,,,,,0.2,Manual,Manual,3,15
Plate6,89,H5,#029,gene5,Target,24.597,0.071,24.459,,,,,,,,,0.2,Manual,Manual,3,15
Plate6,90,H6,#029,gene5,Target,24.36,0.071,24.459,,,,,,,,,0.2,Manual,Manual,3,15
Plate7,1,A1,#022,gene1,Target,30.011,0.164,29.704,,,,,,,,,0.2,Manual,Manual,3,15
Plate7,2,A2,#022,gene1,Target,29.65,0.164,29.704,,,,,,,,,0.2,Manual,Manual,3,15
Plate7,3,A3,#022,gene1,Target,29.45,0.164,29.704,,,,,,,,,0.2,Manual,Manual,3,15
Plate7,13,B1,#011,gene1,Target,29.647,0.103,29.484,,,,,,,,,0.2,Manual,Manual,3,15
Plate7,14,B2,#011,gene1,Target,29.513,0.103,29.484,,,,,,,,,0.2,Manual,Manual,3,15
Plate7,15,B3,#011,gene1,Target,29.293,0.103,29.484,,,,,,,,,0.2,Manual,Manual,3,15
Plate7,25,C1,#012,gene1,Target,29.095,0.101,28.977,,,,,,,,,0.2,Manual,Manual,3,15
Plate7,26,C2,#012,gene1,Target,29.061,0.101,28.977,,,,,,,,,0.2,Manual,Manual,3,15
Plate7,27,C3,#012,gene1,Target,28.776,0.101,28.977,,,,,,,,,0.2,Manual,Manual,3,15
Plate7,37,D1,#017,gene1,Target,31.105,0.054,31.196,,,,,,,,,0.2,Manual,Manual,3,15
Plate7,38,D2,#017,gene1,Target,31.189,0.054,31.196,,,,,,,,,0.2,Manual,Manual,3,15
Plate7,39,D3,#017,gene1,Target,31.293,0.054,31.196,,,,,,,,,0.2,Manual,Manual,3,15
Plate7,49,E1,#024,gene1,Target,29.548,0.033,29.522,,,,,,,,,0.2,Manual,Manual,3,15
Plate7,50,E2,#024,gene1,Target,29.457,0.033,29.522,,,,,,,,,0.2,Manual,Manual,3,15
Plate7,51,E3,#024,gene1,Target,29.56,0.033,29.522,,,,,,,,,0.2,Manual,Manual,3,15
Plate7,61,F1,#001,gene1,Target,28.635,0.054,28.529,,,,,,,,,0.2,Manual,Manual,3,15
Plate7,62,F2,#001,gene1,Target,28.492,0.054,28.529,,,,,,,,,0.2,Manual,Manual,3,15
Plate7,63,F3,#001,gene1,Target,28.459,0.054,28.529,,,,,,,,,0.2,Manual,Manual,3,15
Plate7,73,G1,#018,gene1,Target,29.883,0.42,29.054,,,,,,,,,0.2,Manual,Manual,3,15
Plate7,74,G2,#018,gene1,Target,28.752,0.42,29.054,,,,,,,,,0.2,Manual,Manual,3,15
Plate7,75,G3,#018,gene1,Target,28.527,0.42,29.054,,,,,,,,,0.2,Manual,Manual,3,15
Plate7,85,H1,#006,gene1,Target,29.36,0.052,29.257,,,,,,,,,0.2,Manual,Manual,3,15
Plate7,86,H2,#006,gene1,Target,29.218,0.052,29.257,,,,,,,,,0.2,Manual,Manual,3,15
Plate7,87,H3,#006,gene1,Target,29.192,0.052,29.257,,,,,,,,,0.2,Manual,Manual,3,15
Plate7,4,A4,#022,gene6,Target,21.68,0.073,21.539,,,,,,,,,0.2,Manual,Manual,3,15
Plate7,5,A5,#022,gene6,Target,21.439,0.073,21.539,,,,,,,,,0.2,Manual,Manual,3,15
Plate7,6,A6,#022,gene6,Target,21.497,0.073,21.539,,,,,,,,,0.2,Manual,Manual,3,15
Plate7,16,B4,#011,gene6,Target,23.21,0.059,23.101,,,,,,,,,0.2,Manual,Manual,3,15
Plate7,17,B5,#011,gene6,Target,23.084,0.059,23.101,,,,,,,,,0.2,Manual,Manual,3,15
Plate7,18,B6,#011,gene6,Target,23.01,0.059,23.101,,,,,,,,,0.2,Manual,Manual,3,15
Plate7,28,C4,#012,gene6,Target,26.027,0.156,25.985,,,,,,,,,0.2,Manual,Manual,3,15
Plate7,29,C5,#012,gene6,Target,26.23,0.156,25.985,,,,,,,,,0.2,Manual,Manual,3,15
Plate7,30,C6,#012,gene6,Target,25.696,0.156,25.985,,,,,,,,,0.2,Manual,Manual,3,15
Plate7,40,D4,#017,gene6,Target,23.008,0.059,22.933,,,,,,,,,0.2,Manual,Manual,3,15
Plate7,41,D5,#017,gene6,Target,22.973,0.059,22.933,,,,,,,,,0.2,Manual,Manual,3,15
Plate7,42,D6,#017,gene6,Target,22.817,0.059,22.933,,,,,,,,,0.2,Manual,Manual,3,15
Plate7,52,E4,#024,gene6,Target,24.406,0.092,24.308,,,,,,,,,0.2,Manual,Manual,3,15
Plate7,53,E5,#024,gene6,Target,24.393,0.092,24.308,,,,,,,,,0.2,Manual,Manual,3,15
Plate7,54,E6,#024,gene6,Target,24.123,0.092,24.308,,,,,,,,,0.2,Manual,Manual,3,15
Plate7,64,F4,#001,gene6,Target,26.398,0.093,26.275,,,,,,,,,0.2,Manual,Manual,3,15
Plate7,65,F5,#001,gene6,Target,26.336,0.093,26.275,,,,,,,,,0.2,Manual,Manual,3,15
Plate7,66,F6,#001,gene6,Target,26.092,0.093,26.275,,,,,,,,,0.2,Manual,Manual,3,15
Plate7,76,G4,#018,gene6,Target,26.25,0.093,26.171,,,,,,,,,0.2,Manual,Manual,3,15
Plate7,77,G5,#018,gene6,Target,26.278,0.093,26.171,,,,,,,,,0.2,Manual,Manual,3,15
Plate7,78,G6,#018,gene6,Target,25.986,0.093,26.171,,,,,,,,,0.2,Manual,Manual,3,15
Plate7,88,H4,#006,gene6,Target,26.489,0.172,26.592,,,,,,,,,0.2,Manual,Manual,3,15
Plate7,89,H5,#006,gene6,Target,26.927,0.172,26.592,,,,,,,,,0.2,Manual,Manual,3,15
Plate7,90,H6,#006,gene6,Target,26.359,0.172,26.592,,,,,,,,,0.2,Manual,Manual,3,15
Plate7,7,A7,#022,gene7,Target,32.331,0.096,32.273,,,,,,,,,0.2,Manual,Manual,3,15
Plate7,8,A8,#022,gene7,Target,32.086,0.096,32.273,,,,,,,,,0.2,Manual,Manual,3,15
Plate7,9,A9,#022,gene7,Target,32.402,0.096,32.273,,,,,,,,,0.2,Manual,Manual,3,15
Plate7,19,B7,#011,gene7,Target,27.346,0.056,27.437,,,,,,,,,0.2,Manual,Manual,3,15
Plate7,20,B8,#011,gene7,Target,27.428,0.056,27.437,,,,,,,,,0.2,Manual,Manual,3,15
Plate7,21,B9,#011,gene7,Target,27.538,0.056,27.437,,,,,,,,,0.2,Manual,Manual,3,15
Plate7,31,C7,#012,gene7,Target,25.123,0.038,25.177,,,,,,,,,0.2,Manual,Manual,3,15
Plate7,32,C8,#012,gene7,Target,25.251,0.038,25.177,,,,,,,,,0.2,Manual,Manual,3,15
Plate7,33,C9,#012,gene7,Target,25.156,0.038,25.177,,,,,,,,,0.2,Manual,Manual,3,15
Plate7,43,D7,#017,gene7,Target,30.389,0.279,30.734,,,,,,,,,0.2,Manual,Manual,3,15
Plate7,44,D8,#017,gene7,Target,31.286,0.279,30.734,,,,,,,,,0.2,Manual,Manual,3,15
Plate7,45,D9,#017,gene7,Target,30.528,0.279,30.734,,,,,,,,,0.2,Manual,Manual,3,15
Plate7,55,E7,#024,gene7,Target,26.022,0.029,25.981,,,,,,,,,0.2,Manual,Manual,3,15
Plate7,56,E8,#024,gene7,Target,25.995,0.029,25.981,,,,,,,,,0.2,Manual,Manual,3,15
Plate7,57,E9,#024,gene7,Target,25.925,0.029,25.981,,,,,,,,,0.2,Manual,Manual,3,15
Plate7,67,F7,#001,gene7,Target,24.631,0.025,24.68,,,,,,,,,0.2,Manual,Manual,3,15
Plate7,68,F8,#001,gene7,Target,24.702,0.025,24.68,,,,,,,,,0.2,Manual,Manual,3,15
Plate7,69,F9,#001,gene7,Target,24.709,0.025,24.68,,,,,,,,,0.2,Manual,Manual,3,15
Plate7,79,G7,#018,gene7,Target,25.156,0.079,25.016,,,,,,,,,0.2,Manual,Manual,3,15
Plate7,80,G8,#018,gene7,Target,25.009,0.079,25.016,,,,,,,,,0.2,Manual,Manual,3,15
Plate7,81,G9,#018,gene7,Target,24.883,0.079,25.016,,,,,,,,,0.2,Manual,Manual,3,15
Plate7,91,H7,#006,gene7,Target,25.578,0.048,25.504,,,,,,,,,0.2,Manual,Manual,3,15
Plate7,92,H8,#006,gene7,Target,25.519,0.048,25.504,,,,,,,,,0.2,Manual,Manual,3,15
Plate7,93,H9,#006,gene7,Target,25.415,0.048,25.504,,,,,,,,,0.2,Manual,Manual,3,15
Plate7,10,A10,#022,gene8,Target,27.273,0.255,27.618,,,,,,,,,0.2,Manual,Manual,3,15
Plate7,11,A11,#022,gene8,Target,27.465,0.255,27.618,,,,,,,,,0.2,Manual,Manual,3,15
Plate7,12,A12,#022,gene8,Target,28.116,0.255,27.618,,,,,,,,,0.2,Manual,Manual,3,15
Plate7,22,B10,#011,gene8,Target,26.249,0.104,26.452,,,,,,,,,0.2,Manual,Manual,3,15
Plate7,23,B11,#011,gene8,Target,26.591,0.104,26.452,,,,,,,,,0.2,Manual,Manual,3,15
Plate7,24,B12,#011,gene8,Target,26.517,0.104,26.452,,,,,,,,,0.2,Manual,Manual,3,15
Plate7,34,C10,#012,gene8,Target,26.307,0.017,26.29,,,,,,,,,0.2,Manual,Manual,3,15
Plate7,35,C11,#012,gene8,Target,25.121,0.017,26.29,,,,,,,,Outlier,0.2,Manual,Manual,3,15
Plate7,36,C12,#012,gene8,Target,26.273,0.017,26.29,,,,,,,,,0.2,Manual,Manual,3,15
Plate7,46,D10,#017,gene8,Target,25.694,0.054,25.595,,,,,,,,,0.2,Manual,Manual,3,15
Plate7,47,D11,#017,gene8,Target,25.506,0.054,25.595,,,,,,,,,0.2,Manual,Manual,3,15
Plate7,48,D12,#017,gene8,Target,25.586,0.054,25.595,,,,,,,,,0.2,Manual,Manual,3,15
Plate7,58,E10,#024,gene8,Target,26.461,0.023,26.497,,,,,,,,,0.2,Manual,Manual,3,15
Plate7,59,E11,#024,gene8,Target,26.539,0.023,26.497,,,,,,,,,0.2,Manual,Manual,3,15
Plate7,60,E12,#024,gene8,Target,26.49,0.023,26.497,,,,,,,,,0.2,Manual,Manual,3,15
Plate7,70,F10,#001,gene8,Target,27.013,0.025,27.043,,,,,,,,,0.2,Manual,Manual,3,15
Plate7,71,F11,#001,gene8,Target,27.093,0.025,27.043,,,,,,,,,0.2,Manual,Manual,3,15
Plate7,72,F12,#001,gene8,Target,27.022,0.025,27.043,,,,,,,,,0.2,Manual,Manual,3,15
Plate7,82,G10,#018,gene8,Target,26.631,0.028,26.599,,,,,,,,,0.2,Manual,Manual,3,15
Plate7,83,G11,#018,gene8,Target,26.623,0.028,26.599,,,,,,,,,0.2,Manual,Manual,3,15
Plate7,84,G12,#018,gene8,Target,26.544,0.028,26.599,,,,,,,,,0.2,Manual,Manual,3,15
Plate7,94,H10,#006,gene8,Target,27.088,0.112,26.942,,,,,,,,,0.2,Manual,Manual,3,15
Plate7,95,H11,#006,gene8,Target,26.721,0.112,26.942,,,,,,,,,0.2,Manual,Manual,3,15
Plate7,96,H12,#006,gene8,Target,27.016,0.112,26.942,,,,,,,,,0.2,Manual,Manual,3,15
Plate8,1,A1,#026,gene1,Target,30.037,0.164,29.782,,,,,,,,,0.2,Manual,Manual,3,15
Plate8,2,A2,#026,gene1,Target,29.833,0.164,29.782,,,,,,,,,0.2,Manual,Manual,3,15
Plate8,3,A3,#026,gene1,Target,29.475,0.164,29.782,,,,,,,,,0.2,Manual,Manual,3,15
Plate8,13,B1,#027,gene1,Target,27.488,0.046,27.458,,,,,,,,,0.2,Manual,Manual,3,15
Plate8,14,B2,#027,gene1,Target,27.517,0.046,27.458,,,,,,,,,0.2,Manual,Manual,3,15
Plate8,15,B3,#027,gene1,Target,27.368,0.046,27.458,,,,,,,,,0.2,Manual,Manual,3,15
Plate8,25,C1,#002,gene1,Target,31.138,0.082,30.975,,,,,,,,,0.2,Manual,Manual,3,15
Plate8,26,C2,#002,gene1,Target,30.889,0.082,30.975,,,,,,,,,0.2,Manual,Manual,3,15
Plate8,27,C3,#002,gene1,Target,30.898,0.082,30.975,,,,,,,,,0.2,Manual,Manual,3,15
Plate8,37,D1,#007,gene1,Target,29.237,0.024,29.197,,,,,,,,,0.2,Manual,Manual,3,15
Plate8,38,D2,#007,gene1,Target,29.153,0.024,29.197,,,,,,,,,0.2,Manual,Manual,3,15
Plate8,39,D3,#007,gene1,Target,29.201,0.024,29.197,,,,,,,,,0.2,Manual,Manual,3,15
Plate8,49,E1,#028,gene1,Target,28.242,0.159,28.135,,,,,,,,,0.2,Manual,Manual,3,15
Plate8,50,E2,#028,gene1,Target,28.34,0.159,28.135,,,,,,,,,0.2,Manual,Manual,3,15
Plate8,51,E3,#028,gene1,Target,27.823,0.159,28.135,,,,,,,,,0.2,Manual,Manual,3,15
Plate8,61,F1,#013,gene1,Target,29.486,0.131,29.235,,,,,,,,,0.2,Manual,Manual,3,15
Plate8,62,F2,#013,gene1,Target,29.174,0.131,29.235,,,,,,,,,0.2,Manual,Manual,3,15
Plate8,63,F3,#013,gene1,Target,29.046,0.131,29.235,,,,,,,,,0.2,Manual,Manual,3,15
Plate8,73,G1,#003,gene1,Target,29.18,0.373,28.436,,,,,,,,,0.2,Manual,Manual,3,15
Plate8,74,G2,#003,gene1,Target,28.118,0.373,28.436,,,,,,,,,0.2,Manual,Manual,3,15
Plate8,75,G3,#003,gene1,Target,28.012,0.373,28.436,,,,,,,,,0.2,Manual,Manual,3,15
Plate8,85,H1,#019,gene1,Target,29.235,0.074,29.182,,,,,,,,,0.2,Manual,Manual,3,15
Plate8,86,H2,#019,gene1,Target,29.274,0.074,29.182,,,,,,,,,0.2,Manual,Manual,3,15
Plate8,87,H3,#019,gene1,Target,29.036,0.074,29.182,,,,,,,,,0.2,Manual,Manual,3,15
Plate8,4,A4,#026,gene6,Target,25.059,0.237,24.594,,,,,,,,,0.2,Manual,Manual,3,15
Plate8,5,A5,#026,gene6,Target,24.435,0.237,24.594,,,,,,,,,0.2,Manual,Manual,3,15
Plate8,6,A6,#026,gene6,Target,24.287,0.237,24.594,,,,,,,,,0.2,Manual,Manual,3,15
Plate8,16,B4,#027,gene6,Target,21.878,0.234,21.814,,,,,,,,,0.2,Manual,Manual,3,15
Plate8,17,B5,#027,gene6,Target,22.183,0.234,21.814,,,,,,,,,0.2,Manual,Manual,3,15
Plate8,18,B6,#027,gene6,Target,21.381,0.234,21.814,,,,,,,,,0.2,Manual,Manual,3,15
Plate8,28,C4,#002,gene6,Target,23.035,0.078,23.179,,,,,,,,,0.2,Manual,Manual,3,15
Plate8,29,C5,#002,gene6,Target,23.198,0.078,23.179,,,,,,,,,0.2,Manual,Manual,3,15
Plate8,30,C6,#002,gene6,Target,23.304,0.078,23.179,,,,,,,,,0.2,Manual,Manual,3,15
Plate8,40,D4,#007,gene6,Target,24.823,0.144,24.605,,,,,,,,,0.2,Manual,Manual,3,15
Plate8,41,D5,#007,gene6,Target,24.334,0.144,24.605,,,,,,,,,0.2,Manual,Manual,3,15
Plate8,42,D6,#007,gene6,Target,24.657,0.144,24.605,,,,,,,,,0.2,Manual,Manual,3,15
Plate8,52,E4,#028,gene6,Target,22.14,0.227,22.006,,,,,,,,,0.2,Manual,Manual,3,15
Plate8,53,E5,#028,gene6,Target,22.315,0.227,22.006,,,,,,,,,0.2,Manual,Manual,3,15
Plate8,54,E6,#028,gene6,Target,21.564,0.227,22.006,,,,,,,,,0.2,Manual,Manual,3,15
Plate8,64,F4,#013,gene6,Target,25.477,0.207,25.471,,,,,,,,,0.2,Manual,Manual,3,15
Plate8,65,F5,#013,gene6,Target,25.827,0.207,25.471,,,,,,,,,0.2,Manual,Manual,3,15
Plate8,66,F6,#013,gene6,Target,25.11,0.207,25.471,,,,,,,,,0.2,Manual,Manual,3,15
Plate8,76,G4,#003,gene6,Target,27.111,0.113,26.955,,,,,,,,,0.2,Manual,Manual,3,15
Plate8,77,G5,#003,gene6,Target,27.019,0.113,26.955,,,,,,,,,0.2,Manual,Manual,3,15
Plate8,78,G6,#003,gene6,Target,26.736,0.113,26.955,,,,,,,,,0.2,Manual,Manual,3,15
Plate8,88,H4,#019,gene6,Target,26.314,0.136,26.294,,,,,,,,,0.2,Manual,Manual,3,15
Plate8,89,H5,#019,gene6,Target,26.519,0.136,26.294,,,,,,,,,0.2,Manual,Manual,3,15
Plate8,90,H6,#019,gene6,Target,26.048,0.136,26.294,,,,,,,,,0.2,Manual,Manual,3,15
Plate8,7,A7,#026,gene7,Target,26.022,0.068,25.89,,,,,,,,,0.2,Manual,Manual,3,15
Plate8,8,A8,#026,gene7,Target,25.793,0.068,25.89,,,,,,,,,0.2,Manual,Manual,3,15
Plate8,9,A9,#026,gene7,Target,25.856,0.068,25.89,,,,,,,,,0.2,Manual,Manual,3,15
Plate8,19,B7,#027,gene7,Target,33.943,0.711,32.545,,,,,,,,,0.2,Manual,Manual,3,15
Plate8,20,B8,#027,gene7,Target,32.067,0.711,32.545,,,,,,,,,0.2,Manual,Manual,3,15
Plate8,21,B9,#027,gene7,Target,31.626,0.711,32.545,,,,,,,,,0.2,Manual,Manual,3,15
Plate8,31,C7,#002,gene7,Target,27.56,0.154,27.822,,,,,,,,,0.2,Manual,Manual,3,15
Plate8,32,C8,#002,gene7,Target,28.092,0.154,27.822,,,,,,,,,0.2,Manual,Manual,3,15
Plate8,33,C9,#002,gene7,Target,27.815,0.154,27.822,,,,,,,,,0.2,Manual,Manual,3,15
Plate8,43,D7,#007,gene7,Target,26.11,0.015,26.084,,,,,,,,,0.2,Manual,Manual,3,15
Plate8,44,D8,#007,gene7,Target,26.083,0.015,26.084,,,,,,,,,0.2,Manual,Manual,3,15
Plate8,45,D9,#007,gene7,Target,26.059,0.015,26.084,,,,,,,,,0.2,Manual,Manual,3,15
Plate8,55,E7,#028,gene7,Target,30.486,0.095,30.428,,,,,,,,,0.2,Manual,Manual,3,15
Plate8,56,E8,#028,gene7,Target,30.243,0.095,30.428,,,,,,,,,0.2,Manual,Manual,3,15
Plate8,57,E9,#028,gene7,Target,30.555,0.095,30.428,,,,,,,,,0.2,Manual,Manual,3,15
Plate8,67,F7,#013,gene7,Target,26.845,0.083,26.688,,,,,,,,,0.2,Manual,Manual,3,15
Plate8,68,F8,#013,gene7,Target,26.659,0.083,26.688,,,,,,,,,0.2,Manual,Manual,3,15
Plate8,69,F9,#013,gene7,Target,26.561,0.083,26.688,,,,,,,,,0.2,Manual,Manual,3,15
Plate8,79,G7,#003,gene7,Target,24.222,0.042,24.294,,,,,,,,,0.2,Manual,Manual,3,15
Plate8,80,G8,#003,gene7,Target,24.292,0.042,24.294,,,,,,,,,0.2,Manual,Manual,3,15
Plate8,81,G9,#003,gene7,Target,24.369,0.042,24.294,,,,,,,,,0.2,Manual,Manual,3,15
Plate8,91,H7,#019,gene7,Target,25.585,0.034,25.651,,,,,,,,,0.2,Manual,Manual,3,15
Plate8,92,H8,#019,gene7,Target,25.693,0.034,25.651,,,,,,,,,0.2,Manual,Manual,3,15
Plate8,93,H9,#019,gene7,Target,25.674,0.034,25.651,,,,,,,,,0.2,Manual,Manual,3,15
Plate8,10,A10,#026,gene8,Target,26.705,0.136,26.676,,,,,,,,,0.2,Manual,Manual,3,15
Plate8,11,A11,#026,gene8,Target,26.427,0.136,26.676,,,,,,,,,0.2,Manual,Manual,3,15
Plate8,12,A12,#026,gene8,Target,26.896,0.136,26.676,,,,,,,,,0.2,Manual,Manual,3,15
Plate8,22,B10,#027,gene8,Target,26.93,0.101,27.007,,,,,,,,,0.2,Manual,Manual,3,15
Plate8,23,B11,#027,gene8,Target,26.884,0.101,27.007,,,,,,,,,0.2,Manual,Manual,3,15
Plate8,24,B12,#027,gene8,Target,27.206,0.101,27.007,,,,,,,,,0.2,Manual,Manual,3,15
Plate8,34,C10,#002,gene8,Target,26.855,0.324,27.249,,,,,,,,,0.2,Manual,Manual,3,15
Plate8,35,C11,#002,gene8,Target,27.891,0.324,27.249,,,,,,,,,0.2,Manual,Manual,3,15
Plate8,36,C12,#002,gene8,Target,27.002,0.324,27.249,,,,,,,,,0.2,Manual,Manual,3,15
Plate8,46,D10,#007,gene8,Target,27.068,0.088,26.952,,,,,,,,,0.2,Manual,Manual,3,15
Plate8,47,D11,#007,gene8,Target,26.779,0.088,26.952,,,,,,,,,0.2,Manual,Manual,3,15
Plate8,48,D12,#007,gene8,Target,27.009,0.088,26.952,,,,,,,,,0.2,Manual,Manual,3,15
Plate8,58,E10,#028,gene8,Target,28.062,0.08,27.906,,,,,,,,,0.2,Manual,Manual,3,15
Plate8,59,E11,#028,gene8,Target,27.793,0.08,27.906,,,,,,,,,0.2,Manual,Manual,3,15
Plate8,60,E12,#028,gene8,Target,27.864,0.08,27.906,,,,,,,,,0.2,Manual,Manual,3,15
Plate8,70,F10,#013,gene8,Target,26.297,0.053,26.236,,,,,,,,,0.2,Manual,Manual,3,15
Plate8,71,F11,#013,gene8,Target,26.13,0.053,26.236,,,,,,,,,0.2,Manual,Manual,3,15
Plate8,72,F12,#013,gene8,Target,26.282,0.053,26.236,,,,,,,,,0.2,Manual,Manual,3,15
Plate8,82,G10,#003,gene8,Target,26.4,0.15,26.651,,,,,,,,,0.2,Manual,Manual,3,15
Plate8,83,G11,#003,gene8,Target,26.634,0.15,26.651,,,,,,,,,0.2,Manual,Manual,3,15
Plate8,84,G12,#003,gene8,Target,26.919,0.15,26.651,,,,,,,,,0.2,Manual,Manual,3,15
Plate8,94,H10,#019,gene8,Target,26.244,0.041,26.301,,,,,,,,,0.2,Manual,Manual,3,15
Plate8,95,H11,#019,gene8,Target,26.28,0.041,26.301,,,,,,,,,0.2,Manual,Manual,3,15
Plate8,96,H12,#019,gene8,Target,26.38,0.041,26.301,,,,,,,,,0.2,Manual,Manual,3,15
Plate9,1,A1,#008,gene1,Target,26.4,0.117,26.171,,,,,,,,,0.2,Manual,Manual,3,15
Plate9,2,A2,#008,gene1,Target,26.101,0.117,26.171,,,,,,,,,0.2,Manual,Manual,3,15
Plate9,3,A3,#008,gene1,Target,26.013,0.117,26.171,,,,,,,,,0.2,Manual,Manual,3,15
Plate9,13,B1,#014,gene1,Target,28.354,0.038,28.279,,,,,,,,,0.2,Manual,Manual,3,15
Plate9,14,B2,#014,gene1,Target,28.233,0.038,28.279,,,,,,,,,0.2,Manual,Manual,3,15
Plate9,15,B3,#014,gene1,Target,28.25,0.038,28.279,,,,,,,,,0.2,Manual,Manual,3,15
Plate9,25,C1,#020,gene1,Target,29.028,0.036,29.019,,,,,,,,,0.2,Manual,Manual,3,15
Plate9,26,C2,#020,gene1,Target,28.952,0.036,29.019,,,,,,,,,0.2,Manual,Manual,3,15
Plate9,27,C3,#020,gene1,Target,29.077,0.036,29.019,,,,,,,,,0.2,Manual,Manual,3,15
Plate9,37,D1,#031,gene1,Target,28.753,0.073,28.865,,,,,,,,,0.2,Manual,Manual,3,15
Plate9,38,D2,#031,gene1,Target,28.838,0.073,28.865,,,,,,,,,0.2,Manual,Manual,3,15
Plate9,39,D3,#031,gene1,Target,29.003,0.073,28.865,,,,,,,,,0.2,Manual,Manual,3,15
Plate9,49,E1,#009,gene1,Target,29.31,0.194,28.924,,,,,,,,,0.2,Manual,Manual,3,15
Plate9,50,E2,#009,gene1,Target,28.759,0.194,28.924,,,,,,,,,0.2,Manual,Manual,3,15
Plate9,51,E3,#009,gene1,Target,28.703,0.194,28.924,,,,,,,,,0.2,Manual,Manual,3,15
Plate9,61,F1,#025,gene1,Target,28.777,0.133,28.52,,,,,,,,,0.2,Manual,Manual,3,15
Plate9,62,F2,#025,gene1,Target,28.447,0.133,28.52,,,,,,,,,0.2,Manual,Manual,3,15
Plate9,63,F3,#025,gene1,Target,28.336,0.133,28.52,,,,,,,,,0.2,Manual,Manual,3,15
Plate9,73,G1,#015,gene1,Target,31.153,0.47,30.215,,,,,,,,,0.2,Manual,Manual,3,15
Plate9,74,G2,#015,gene1,Target,29.78,0.47,30.215,,,,,,,,,0.2,Manual,Manual,3,15
Plate9,75,G3,#015,gene1,Target,29.711,0.47,30.215,,,,,,,,,0.2,Manual,Manual,3,15
Plate9,85,H1,#029,gene1,Target,27.772,0.11,27.551,,,,,,,,,0.2,Manual,Manual,3,15
Plate9,86,H2,#029,gene1,Target,27.441,0.11,27.551,,,,,,,,,0.2,Manual,Manual,3,15
Plate9,87,H3,#029,gene1,Target,27.441,0.11,27.551,,,,,,,,,0.2,Manual,Manual,3,15
Plate9,4,A4,#008,gene6,Target,27.241,0.124,27.343,,,,,,,,,0.2,Manual,Manual,3,15
Plate9,5,A5,#008,gene6,Target,27.591,0.124,27.343,,,,,,,,,0.2,Manual,Manual,3,15
Plate9,6,A6,#008,gene6,Target,27.198,0.124,27.343,,,,,,,,,0.2,Manual,Manual,3,15
Plate9,16,B4,#014,gene6,Target,25.376,0.148,25.381,,,,,,,,,0.2,Manual,Manual,3,15
Plate9,17,B5,#014,gene6,Target,25.126,0.148,25.381,,,,,,,,,0.2,Manual,Manual,3,15
Plate9,18,B6,#014,gene6,Target,25.639,0.148,25.381,,,,,,,,,0.2,Manual,Manual,3,15
Plate9,28,C4,#020,gene6,Target,25.507,0.172,25.632,,,,,,,,,0.2,Manual,Manual,3,15
Plate9,29,C5,#020,gene6,Target,25.972,0.172,25.632,,,,,,,,,0.2,Manual,Manual,3,15
Plate9,30,C6,#020,gene6,Target,25.418,0.172,25.632,,,,,,,,,0.2,Manual,Manual,3,15
Plate9,40,D4,#031,gene6,Target,25.734,0.25,25.267,,,,,,,,,0.2,Manual,Manual,3,15
Plate9,41,D5,#031,gene6,Target,24.88,0.25,25.267,,,,,,,,,0.2,Manual,Manual,3,15
Plate9,42,D6,#031,gene6,Target,25.188,0.25,25.267,,,,,,,,,0.2,Manual,Manual,3,15
Plate9,52,E4,#009,gene6,Target,24.794,0.158,24.54,,,,,,,,,0.2,Manual,Manual,3,15
Plate9,53,E5,#009,gene6,Target,24.574,0.158,24.54,,,,,,,,,0.2,Manual,Manual,3,15
Plate9,54,E6,#009,gene6,Target,24.251,0.158,24.54,,,,,,,,,0.2,Manual,Manual,3,15
Plate9,64,F4,#025,gene6,Target,22.229,0.095,22.087,,,,,,,,,0.2,Manual,Manual,3,15
Plate9,65,F5,#025,gene6,Target,22.125,0.095,22.087,,,,,,,,,0.2,Manual,Manual,3,15
Plate9,66,F6,#025,gene6,Target,21.907,0.095,22.087,,,,,,,,,0.2,Manual,Manual,3,15
Plate9,76,G4,#015,gene6,Target,24.058,0.144,23.983,,,,,,,,,0.2,Manual,Manual,3,15
Plate9,77,G5,#015,gene6,Target,24.188,0.144,23.983,,,,,,,,,0.2,Manual,Manual,3,15
Plate9,78,G6,#015,gene6,Target,23.705,0.144,23.983,,,,,,,,,0.2,Manual,Manual,3,15
Plate9,88,H4,#029,gene6,Target,22.388,0.144,22.417,,,,,,,,,0.2,Manual,Manual,3,15
Plate9,89,H5,#029,gene6,Target,22.679,0.144,22.417,,,,,,,,,0.2,Manual,Manual,3,15
Plate9,90,H6,#029,gene6,Target,22.184,0.144,22.417,,,,,,,,,0.2,Manual,Manual,3,15
Plate9,7,A7,#008,gene7,Target,22.879,0.029,22.861,,,,,,,,,0.2,Manual,Manual,3,15
Plate9,8,A8,#008,gene7,Target,22.9,0.029,22.861,,,,,,,,,0.2,Manual,Manual,3,15
Plate9,9,A9,#008,gene7,Target,22.804,0.029,22.861,,,,,,,,,0.2,Manual,Manual,3,15
Plate9,19,B7,#014,gene7,Target,24.476,0.01,24.481,,,,,,,,,0.2,Manual,Manual,3,15
Plate9,20,B8,#014,gene7,Target,24.501,0.01,24.481,,,,,,,,,0.2,Manual,Manual,3,15
Plate9,21,B9,#014,gene7,Target,24.467,0.01,24.481,,,,,,,,,0.2,Manual,Manual,3,15
Plate9,31,C7,#020,gene7,Target,25.477,0.031,25.422,,,,,,,,,0.2,Manual,Manual,3,15
Plate9,32,C8,#020,gene7,Target,25.419,0.031,25.422,,,,,,,,,0.2,Manual,Manual,3,15
Plate9,33,C9,#020,gene7,Target,25.37,0.031,25.422,,,,,,,,,0.2,Manual,Manual,3,15
Plate9,43,D7,#031,gene7,Target,25.476,0.063,25.418,,,,,,,,,0.2,Manual,Manual,3,15
Plate9,44,D8,#031,gene7,Target,25.486,0.063,25.418,,,,,,,,,0.2,Manual,Manual,3,15
Plate9,45,D9,#031,gene7,Target,25.291,0.063,25.418,,,,,,,,,0.2,Manual,Manual,3,15
Plate9,55,E7,#009,gene7,Target,25.643,0.068,25.777,,,,,,,,,0.2,Manual,Manual,3,15
Plate9,56,E8,#009,gene7,Target,25.869,0.068,25.777,,,,,,,,,0.2,Manual,Manual,3,15
Plate9,57,E9,#009,gene7,Target,25.818,0.068,25.777,,,,,,,,,0.2,Manual,Manual,3,15
Plate9,67,F7,#025,gene7,Target,33.139,0.62,31.902,,,,,,,,,0.2,Manual,Manual,3,15
Plate9,68,F8,#025,gene7,Target,31.202,0.62,31.902,,,,,,,,,0.2,Manual,Manual,3,15
Plate9,69,F9,#025,gene7,Target,31.367,0.62,31.902,,,,,,,,,0.2,Manual,Manual,3,15
Plate9,79,G7,#015,gene7,Target,26.92,0.051,27.015,,,,,,,,,0.2,Manual,Manual,3,15
Plate9,80,G8,#015,gene7,Target,27.034,0.051,27.015,,,,,,,,,0.2,Manual,Manual,3,15
Plate9,81,G9,#015,gene7,Target,27.092,0.051,27.015,,,,,,,,,0.2,Manual,Manual,3,15
Plate9,91,H7,#029,gene7,Target,31.697,0.66,32.847,,,,,,,,,0.2,Manual,Manual,3,15
Plate9,92,H8,#029,gene7,Target,32.863,0.66,32.847,,,,,,,,,0.2,Manual,Manual,3,15
Plate9,93,H9,#029,gene7,Target,33.983,0.66,32.847,,,,,,,,,0.2,Manual,Manual,3,15
Plate9,10,A10,#008,gene8,Target,26.861,0.137,26.679,,,,,,,,,0.2,Manual,Manual,3,15
Plate9,11,A11,#008,gene8,Target,26.409,0.137,26.679,,,,,,,,,0.2,Manual,Manual,3,15
Plate9,12,A12,#008,gene8,Target,26.766,0.137,26.679,,,,,,,,,0.2,Manual,Manual,3,15
Plate9,22,B10,#014,gene8,Target,26.624,0.128,26.471,,,,,,,,,0.2,Manual,Manual,3,15
Plate9,23,B11,#014,gene8,Target,26.216,0.128,26.471,,,,,,,,,0.2,Manual,Manual,3,15
Plate9,24,B12,#014,gene8,Target,26.572,0.128,26.471,,,,,,,,,0.2,Manual,Manual,3,15
Plate9,34,C10,#020,gene8,Target,25.136,0.092,25.317,,,,,,,,,0.2,Manual,Manual,3,15
Plate9,35,C11,#020,gene8,Target,25.385,0.092,25.317,,,,,,,,,0.2,Manual,Manual,3,15
Plate9,36,C12,#020,gene8,Target,25.431,0.092,25.317,,,,,,,,,0.2,Manual,Manual,3,15
Plate9,46,D10,#031,gene8,Target,26.567,0.247,26.647,,,,,,,,,0.2,Manual,Manual,3,15
Plate9,47,D11,#031,gene8,Target,26.264,0.247,26.647,,,,,,,,,0.2,Manual,Manual,3,15
Plate9,48,D12,#031,gene8,Target,27.11,0.247,26.647,,,,,,,,,0.2,Manual,Manual,3,15
Plate9,58,E10,#009,gene8,Target,26.785,0.183,26.957,,,,,,,,,0.2,Manual,Manual,3,15
Plate9,59,E11,#009,gene8,Target,26.763,0.183,26.957,,,,,,,,,0.2,Manual,Manual,3,15
Plate9,60,E12,#009,gene8,Target,27.322,0.183,26.957,,,,,,,,,0.2,Manual,Manual,3,15
Plate9,70,F10,#025,gene8,Target,26.887,0.026,26.895,,,,,,,,,0.2,Manual,Manual,3,15
Plate9,71,F11,#025,gene8,Target,26.855,0.026,26.895,,,,,,,,,0.2,Manual,Manual,3,15
Plate9,72,F12,#025,gene8,Target,26.944,0.026,26.895,,,,,,,,,0.2,Manual,Manual,3,15
Plate9,82,G10,#015,gene8,Target,26.58,0.05,26.589,,,,,,,,,0.2,Manual,Manual,3,15
Plate9,83,G11,#015,gene8,Target,26.68,0.05,26.589,,,,,,,,,0.2,Manual,Manual,3,15
Plate9,84,G12,#015,gene8,Target,26.507,0.05,26.589,,,,,,,,,0.2,Manual,Manual,3,15
Plate9,94,H10,#029,gene8,Target,28.336,0.326,27.713,,,,,,,,,0.2,Manual,Manual,3,15
Plate9,95,H11,#029,gene8,Target,27.234,0.326,27.713,,,,,,,,,0.2,Manual,Manual,3,15
Plate9,96,H12,#029,gene8,Target,27.568,0.326,27.713,,,,,,,,,0.2,Manual,Manual,3,15
